0,11:02:22.456 PM,3,6.4626985,-4.2332478,5.525967
19,11:02:22.475 PM,3,6.874501,-3.7304654,5.403863
40,11:02:22.496 PM,3,6.7093015,-3.950732,5.525967
60,11:02:22.516 PM,3,7.262362,-3.6682162,5.573851
80,11:02:22.536 PM,3,7.066037,-3.7041292,5.525967
110,11:02:22.566 PM,3,7.5568485,-3.2300773,5.7869353
129,11:02:22.585 PM,3,7.678953,-3.0385413,5.8252425
149,11:02:22.605 PM,3,7.786692,-3.000234,5.703138
169,11:02:22.625 PM,3,7.702895,-2.940379,5.8252425
189,11:02:22.645 PM,3,7.678953,-2.5213938,5.973683
210,11:02:22.666 PM,3,7.590368,-2.535759,5.9425583
229,11:02:22.685 PM,3,7.346159,-2.631527,5.830031
249,11:02:22.705 PM,3,7.35813,-2.1048026,5.8132715
269,11:02:22.725 PM,3,7.1737766,-2.2197242,5.8611555
289,11:02:22.745 PM,3,7.07322,-2.7249007,5.9353757
309,11:02:22.765 PM,3,6.9152026,-2.3514054,5.976077
329,11:02:22.785 PM,3,6.7907043,-2.6770167,5.8611555
349,11:02:22.805 PM,3,6.6039567,-3.1510687,5.8755207
369,11:02:22.825 PM,3,6.4531217,-3.0074167,5.9784713
389,11:02:22.845 PM,3,6.3884783,-3.0983963,6.0742393
409,11:02:22.865 PM,3,6.2567973,-3.273173,5.93777
429,11:02:22.885 PM,3,6.216096,-3.6849756,5.877915
450,11:02:22.906 PM,3,6.2328553,-3.878906,6.009596
470,11:02:22.926 PM,3,6.3812957,-3.9315784,6.105364
489,11:02:22.945 PM,3,6.398055,-4.0967784,6.0670567
509,11:02:22.965 PM,3,6.5919857,-4.261978,5.880309
529,11:02:22.985 PM,3,6.702119,-4.2667665,6.01199
549,11:02:23.005 PM,3,6.692542,-4.199729,5.8348193
570,11:02:23.026 PM,3,6.5704374,-4.33141,5.842002
589,11:02:23.045 PM,3,6.5345244,-4.2452188,5.916222
609,11:02:23.065 PM,3,6.479458,-4.053683,5.842002
630,11:02:23.086 PM,3,6.398055,-3.9674914,5.8635497
660,11:02:23.116 PM,3,6.3334117,-3.890877,5.7629933
679,11:02:23.135 PM,3,6.3812957,-3.9674914,5.8635497
699,11:02:23.155 PM,3,6.481852,-3.9220016,5.93777
719,11:02:23.175 PM,3,6.469881,-3.7544076,5.856367
740,11:02:23.196 PM,3,6.4531217,-3.7352538,5.748628
759,11:02:23.215 PM,3,6.481852,-3.8477814,5.7869353
779,11:02:23.235 PM,3,6.5895915,-4.0465,5.901857
799,11:02:23.255 PM,3,6.750003,-3.8693292,5.81806
819,11:02:23.275 PM,3,6.8050694,-3.9220016,5.8707323
840,11:02:23.296 PM,3,7.0588546,-4.1087494,6.0311437
860,11:02:23.316 PM,3,7.0468836,-4.0393176,5.8850975
880,11:02:23.336 PM,3,6.922385,-4.295497,6.1029696
900,11:02:23.356 PM,3,6.95351,-4.333804,6.189161
920,11:02:23.376 PM,3,6.929568,-4.9778447,6.629694
940,11:02:23.396 PM,3,6.860136,-4.6474447,6.1484594
960,11:02:23.416 PM,3,7.1977186,-4.8892593,6.3471785
980,11:02:23.436 PM,3,7.02773,-4.2763433,6.620117
1000,11:02:23.456 PM,3,7.274333,-4.161422,6.830807
1020,11:02:23.476 PM,3,7.003788,-4.5468884,6.641665
1040,11:02:23.496 PM,3,6.836194,-3.321057,6.7996826
1060,11:02:23.516 PM,3,7.094768,-4.01777,7.022343
1080,11:02:23.536 PM,3,6.764368,-3.3617585,7.1492357
1100,11:02:23.556 PM,3,6.8074636,-3.440767,6.806865
1120,11:02:23.576 PM,3,6.529736,-2.930802,7.199514
1140,11:02:23.596 PM,3,6.7595797,-2.8661587,7.3335896
1160,11:02:23.616 PM,3,6.529736,-2.4232314,7.4676647
1180,11:02:23.636 PM,3,6.386084,-3.1367035,7.4556937
1200,11:02:23.656 PM,3,6.0700493,-2.2245126,7.7693343
1220,11:02:23.676 PM,3,6.2208843,-2.2891562,7.4892125
1240,11:02:23.696 PM,3,6.0700493,-2.6267385,7.5227313
1260,11:02:23.716 PM,3,5.9311857,-2.3849242,7.778911
1280,11:02:23.736 PM,3,5.7252846,-1.5948377,8.549844
1300,11:02:23.756 PM,3,5.780351,-2.2891562,8.121282
1320,11:02:23.776 PM,3,5.55769,-0.8789713,9.050232
1340,11:02:23.796 PM,3,5.897667,-1.2883798,9.351901
1360,11:02:23.816 PM,3,5.55769,-1.4847044,9.124453
1380,11:02:23.836 PM,3,4.9806876,-1.7360955,8.738986
1400,11:02:23.856 PM,3,4.8490067,-0.77841485,8.688707
1420,11:02:23.876 PM,3,4.6885953,-0.69222355,8.8156
1440,11:02:23.896 PM,3,4.2648215,-0.67546415,9.011925
1460,11:02:23.916 PM,3,4.037372,-0.8430583,9.098116
1480,11:02:23.936 PM,3,3.6614826,-0.66349316,8.93531
1500,11:02:23.956 PM,3,3.7045782,-1.1375451,9.062203
1520,11:02:23.976 PM,3,2.7756279,-0.029029695,8.296059
1540,11:02:23.996 PM,3,3.2568624,0.09068039,8.406192
1560,11:02:24.016 PM,3,2.7756279,-0.029029695,8.188319
1580,11:02:24.036 PM,3,2.584092,-0.0362123,8.12607
1600,11:02:24.056 PM,3,2.56015,0.48332947,8.05185
1620,11:02:24.076 PM,3,2.1675007,0.2486977,8.018332
1640,11:02:24.096 PM,3,1.3941736,0.51445407,8.449287
1660,11:02:24.116 PM,3,1.5737387,0.44262803,8.240992
1680,11:02:24.136 PM,3,1.3941736,0.11462241,8.308029
1700,11:02:24.156 PM,3,1.2265794,0.4043208,8.250568
1720,11:02:24.176 PM,3,1.161936,0.18884265,8.619276
1740,11:02:24.196 PM,3,1.0589854,0.009277532,8.281693
1760,11:02:24.216 PM,3,0.8147768,0.18884265,8.705467
1780,11:02:24.236 PM,3,0.73816234,0.49290627,8.521113
1800,11:02:24.256 PM,3,0.65675944,0.5599439,8.444499
1820,11:02:24.276 PM,3,0.604087,0.5216367,8.525902
1840,11:02:24.296 PM,3,0.4364929,0.3540426,8.444499
1860,11:02:24.316 PM,3,0.5897218,0.35164836,8.413374
1880,11:02:24.336 PM,3,0.4173393,0.33728316,9.002348
1900,11:02:24.356 PM,3,0.6759131,0.3971382,9.059809
1920,11:02:24.376 PM,3,0.53465515,0.18405426,8.856301
1940,11:02:24.396 PM,3,-0.17402853,0.60782796,9.241768
1960,11:02:24.416 PM,3,0.94406366,0.18405426,8.856301
1980,11:02:24.436 PM,3,0.4173393,0.7993641,8.99756
2000,11:02:24.456 PM,3,0.34551322,0.5360019,9.576957
2019,11:02:24.475 PM,3,0.62563485,0.44023383,9.541043
2039,11:02:24.495 PM,3,0.4652233,0.59346277,9.299229
2059,11:02:24.515 PM,3,0.35748425,0.45220485,9.342324
2080,11:02:24.536 PM,3,0.47719434,0.19123685,9.569774
2100,11:02:24.556 PM,3,0.4700117,0.31094694,9.768493
2119,11:02:24.575 PM,3,0.52507836,0.03321955,9.785252
2139,11:02:24.595 PM,3,0.48677114,0.38277298,9.746944
2159,11:02:24.615 PM,3,0.49874213,0.42586863,9.8020115
2180,11:02:24.636 PM,3,0.4173393,0.49769467,9.732579
2199,11:02:24.655 PM,3,0.4317045,0.59106857,9.4596405
2219,11:02:24.675 PM,3,0.51789576,0.45220485,9.514708
2240,11:02:24.696 PM,3,0.4676175,0.4043208,9.572168
2260,11:02:24.716 PM,3,0.34790742,0.5407903,9.5554085
2280,11:02:24.736 PM,3,0.39339727,0.703596,9.313594
2299,11:02:24.755 PM,3,0.4293103,0.50727147,9.299229
2319,11:02:24.775 PM,3,0.74773914,1.4266449,5.842002
2339,11:02:24.795 PM,3,-0.49485156,0.30615854,9.873837
2359,11:02:24.815 PM,3,0.6807015,0.5383961,9.76131
2380,11:02:24.836 PM,3,0.4412813,-0.045789108,9.969605
2400,11:02:24.856 PM,3,0.51310736,0.042796355,9.873837
2419,11:02:24.875 PM,3,0.6902783,0.11941081,9.768493
2439,11:02:24.895 PM,3,0.49874213,0.13856442,9.938481
2459,11:02:24.915 PM,3,0.34311903,0.097862996,9.964817
2479,11:02:24.935 PM,3,0.53704935,0.6940192,9.426122
2500,11:02:24.956 PM,3,0.34790742,0.44023383,9.406968
2520,11:02:24.976 PM,3,0.44606972,0.63655835,9.177125
2540,11:02:24.996 PM,3,0.52268416,0.9358336,9.292047
2560,11:02:25.016 PM,3,0.39579147,0.70599025,9.56738
2581,11:02:25.037 PM,3,0.50113636,0.5479729,9.454852
2600,11:02:25.056 PM,3,0.33593643,0.61501056,9.55062
2619,11:02:25.075 PM,3,0.4436755,0.5695207,9.612869
2640,11:02:25.096 PM,3,0.580145,0.51205987,9.564985
2660,11:02:25.116 PM,3,0.568174,0.60064536,9.792435
2679,11:02:25.135 PM,3,0.6830957,0.60782796,9.512313
2699,11:02:25.155 PM,3,0.7070377,0.49290627,9.643994
2719,11:02:25.175 PM,3,0.65915364,0.47614688,9.512313
2739,11:02:25.195 PM,3,0.7740753,0.5503671,9.588927
2760,11:02:25.216 PM,3,0.6088754,0.71556705,9.5314665
2780,11:02:25.236 PM,3,0.63760585,0.61261636,9.622446
2799,11:02:25.255 PM,3,0.5705682,0.71556705,9.557803
2820,11:02:25.276 PM,3,0.5633856,0.5240309,9.593716
2840,11:02:25.296 PM,3,0.5825392,0.61740476,9.557803
2860,11:02:25.316 PM,3,0.556203,0.6964134,9.560197
2880,11:02:25.336 PM,3,-0.008828619,0.952593,9.7541275
2900,11:02:25.356 PM,3,0.48677114,0.62937576,9.756521
2920,11:02:25.376 PM,3,2.0214543,-0.02184709,9.481189
2939,11:02:25.395 PM,3,0.07496844,0.8831611,9.799617
2959,11:02:25.415 PM,3,0.7764695,0.6820482,9.560197
2979,11:02:25.435 PM,3,0.52507836,0.73232645,9.557803
3000,11:02:25.456 PM,3,0.49395373,0.70599025,9.41894
3019,11:02:25.475 PM,3,0.62802905,0.75387424,9.450064
3040,11:02:25.496 PM,3,0.556203,0.9382278,9.438093
23499,11:02:45.955 PM,3,-0.33922845,1.7019781,9.193884
23519,11:02:45.975 PM,3,0.8267478,0.47375265,9.593716
23540,11:02:45.996 PM,3,-0.33922845,1.7019781,9.193884
23560,11:02:46.016 PM,3,0.8267478,0.47375265,9.593716
23579,11:02:46.035 PM,3,-0.33922845,1.7019781,9.193884
23600,11:02:46.056 PM,3,0.8267478,0.47375265,9.593716
23620,11:02:46.076 PM,3,-0.33922845,1.7019781,9.193884
23639,11:02:46.095 PM,3,0.8267478,0.47375265,9.593716
23660,11:02:46.116 PM,3,-0.33922845,1.7019781,9.193884
23679,11:02:46.135 PM,3,0.8267478,0.47375265,9.593716
23699,11:02:46.155 PM,3,-0.33922845,1.7019781,9.193884
23720,11:02:46.176 PM,3,0.8267478,0.47375265,9.593716
23739,11:02:46.195 PM,3,-0.33922845,1.7019781,9.193884
23759,11:02:46.215 PM,3,0.8267478,0.47375265,9.593716
23779,11:02:46.235 PM,3,0.8267478,0.47375265,9.593716
23799,11:02:46.255 PM,3,1.4779706,0.38277298,9.488371
23820,11:02:46.276 PM,3,1.4803648,0.3899556,9.469217
23839,11:02:46.295 PM,3,1.5976807,0.3899556,9.588927
23859,11:02:46.315 PM,3,1.5450083,0.3612252,9.485977
23879,11:02:46.335 PM,3,1.5426141,0.44023383,9.586534
23899,11:02:46.355 PM,3,1.5617677,0.49290627,9.502736
23919,11:02:46.375 PM,3,1.5354315,0.3660136,9.763704
23950,11:02:46.406 PM,3,1.5474025,0.34925416,9.689484
23969,11:02:46.425 PM,3,1.6144401,0.50248307,9.4596405
23989,11:02:46.445 PM,3,1.6048633,0.5790975,9.44767
24009,11:02:46.465 PM,3,1.5497967,0.46657005,9.406968
24029,11:02:46.485 PM,3,1.5330373,0.37559038,9.457247
24050,11:02:46.506 PM,3,1.4851532,0.46657005,9.323171
24070,11:02:46.526 PM,3,1.5450083,0.5790975,9.124453
24090,11:02:46.546 PM,3,1.5617677,0.5288193,9.146
24110,11:02:46.566 PM,3,1.6240169,0.49290627,9.119664
24130,11:02:46.586 PM,3,1.6264112,0.5431845,9.19149
24149,11:02:46.605 PM,3,1.65993,0.50727147,9.1172695
24169,11:02:46.625 PM,3,1.6527474,0.59825116,9.0933275
24189,11:02:46.645 PM,3,1.6766894,0.5216367,9.198672
24209,11:02:46.665 PM,3,1.6527474,0.43783963,9.181913
24230,11:02:46.686 PM,3,1.5737387,0.44741645,9.169942
24249,11:02:46.705 PM,3,1.5138837,0.30376434,9.201067
24269,11:02:46.725 PM,3,1.5665561,0.3899556,9.167548
24289,11:02:46.745 PM,3,1.5641619,0.35164836,9.16276
24309,11:02:46.765 PM,3,1.6216227,0.17208324,9.277681
24330,11:02:46.786 PM,3,1.6886604,0.109834,9.452458
24349,11:02:46.805 PM,3,1.8754082,0.028431145,9.383026
24370,11:02:46.826 PM,3,1.8179473,0.22236149,8.930522
24390,11:02:46.846 PM,3,1.9831471,-0.08888474,8.375067
24410,11:02:46.866 PM,3,1.968782,0.009277532,7.9488993
24430,11:02:46.886 PM,3,1.9735703,-0.19183542,7.8794675
24450,11:02:46.906 PM,3,1.9232922,0.054767363,7.8435545
24470,11:02:46.926 PM,3,2.1411645,-0.1726818,7.7262387
24490,11:02:46.946 PM,3,2.454805,-0.9172785,8.832359
24510,11:02:46.966 PM,3,2.835483,-1.1207857,9.478794
24530,11:02:46.986 PM,3,2.7038019,-0.89333653,8.940099
24550,11:02:47.006 PM,3,2.811541,-1.5852607,8.322394
24569,11:02:47.025 PM,3,2.6128223,-1.6403275,8.248175
24590,11:02:47.046 PM,3,2.8139353,-1.575684,8.324789
24610,11:02:47.066 PM,3,2.979135,-1.9779099,8.212261
24630,11:02:47.086 PM,3,3.2592566,-2.157475,7.934534
24650,11:02:47.106 PM,3,3.6088102,-2.7177181,7.9153805
24670,11:02:47.126 PM,3,4.011036,-3.5030165,8.044667
24690,11:02:47.146 PM,3,4.0876503,-2.4974515,7.625682
24710,11:02:47.166 PM,3,4.2648215,-2.54773,7.826795
24730,11:02:47.186 PM,3,4.3988967,-2.739266,7.7477865
24750,11:02:47.206 PM,3,4.755633,-3.2420483,7.580192
24770,11:02:47.226 PM,3,4.939986,-3.1869817,7.81243
24790,11:02:47.246 PM,3,5.0860324,-2.90686,8.049456
24810,11:02:47.266 PM,3,5.220108,-2.856582,8.250568
24830,11:02:47.286 PM,3,5.4930468,-3.036147,8.166772
24850,11:02:47.306 PM,3,5.7133136,-3.1750107,8.071004
24870,11:02:47.326 PM,3,5.8593597,-3.0744543,7.7741227
24890,11:02:47.346 PM,3,6.0030117,-3.000234,7.553856
24910,11:02:47.366 PM,3,6.359748,-3.2181063,7.6807485
24930,11:02:47.386 PM,3,6.943933,-3.3737295,7.946505
24950,11:02:47.406 PM,3,7.3150344,-3.0553007,7.3216186
24971,11:02:47.427 PM,3,7.11871,-2.9954455,6.6703954
24989,11:02:47.445 PM,3,6.919991,-3.0744543,6.366332
25010,11:02:47.466 PM,3,7.1019506,-2.990657,6.1364884
25029,11:02:47.485 PM,3,7.5209355,-3.0145993,5.9353757
25050,11:02:47.506 PM,3,7.8010573,-2.942773,5.7127147
25070,11:02:47.526 PM,3,7.8034515,-2.7799675,5.379921
25090,11:02:47.546 PM,3,7.939921,-2.6458921,4.968118
25110,11:02:47.566 PM,3,8.081179,-2.5908256,4.7574286
25130,11:02:47.586 PM,3,8.308628,-2.8637645,4.7813706
25150,11:02:47.606 PM,3,8.605509,-3.1821933,4.575469
25171,11:02:47.627 PM,3,9.010129,-3.593996,4.659266
25190,11:02:47.646 PM,3,9.271097,-3.5485063,4.359991
25210,11:02:47.666 PM,3,9.314193,-3.4192193,4.235492
25230,11:02:47.686 PM,3,9.354895,-3.5030165,4.2714057
25250,11:02:47.706 PM,3,9.366865,-3.7328596,4.2953477
25270,11:02:47.726 PM,3,9.213636,-3.8693292,4.0918403
25290,11:02:47.746 PM,3,9.139416,-3.8501756,3.9050927
25310,11:02:47.766 PM,3,8.8545065,-3.7065234,3.65849
25330,11:02:47.786 PM,3,8.526501,-3.5724483,3.6345477
25350,11:02:47.806 PM,3,8.406791,-3.4311903,3.2275336
25370,11:02:47.826 PM,3,8.385242,-3.8094742,2.686444
25390,11:02:47.846 PM,3,7.9973817,-4.101567,2.6002526
25410,11:02:47.866 PM,3,7.844153,-4.400842,2.6888382
25430,11:02:47.886 PM,3,7.8130283,-4.793491,2.6936266
25450,11:02:47.906 PM,3,7.6717706,-4.920384,2.4589949
25470,11:02:47.926 PM,3,7.4347444,-5.2292356,2.2147863
25490,11:02:47.946 PM,3,7.1019506,-5.4758387,2.1645079
25510,11:02:47.966 PM,3,6.850559,-5.44232,2.008885
25529,11:02:47.985 PM,3,6.8673186,-5.662586,1.7527053
25550,11:02:48.006 PM,3,6.970269,-6.002563,1.9538182
25569,11:02:48.025 PM,3,6.8912606,-5.806238,2.1357775
25590,11:02:48.046 PM,3,6.680571,-5.7846904,1.9777602
25610,11:02:48.066 PM,3,6.6231103,-5.3106384,1.570746
25639,11:02:48.095 PM,3,6.690148,-5.3513403,1.9107226
25660,11:02:48.116 PM,3,6.553678,-5.4231663,1.963395
25679,11:02:48.135 PM,3,6.6015625,-5.4830213,1.6162357
25700,11:02:48.156 PM,3,6.773945,-5.732018,1.261894
25719,11:02:48.175 PM,3,6.812252,-5.698499,1.3002012
25740,11:02:48.196 PM,3,7.039701,-5.9594674,1.3600562
25759,11:02:48.215 PM,3,7.298275,-6.107908,1.33372
25779,11:02:48.235 PM,3,7.55206,-6.4119716,1.036839
25799,11:02:48.255 PM,3,7.834576,-6.6896987,0.8620623
25820,11:02:48.276 PM,3,8.30384,-6.9482727,0.6561609
25839,11:02:48.295 PM,3,8.471434,-7.1948752,0.7447464
25859,11:02:48.315 PM,3,8.387637,-7.2714896,0.88361007
25879,11:02:48.335 PM,3,8.06442,-6.9578495,0.5125088
25899,11:02:48.355 PM,3,7.626281,-6.7447653,0.21323359
25920,11:02:48.376 PM,3,7.307852,-6.670545,0.004938041
25940,11:02:48.396 PM,3,7.1258926,-6.8381395,-0.028580783
25960,11:02:48.416 PM,3,7.030124,-6.787861,-0.42122987
25979,11:02:48.435 PM,3,6.8673186,-6.65618,-0.83782095
25999,11:02:48.455 PM,3,7.066037,-6.881235,-1.2951134
26019,11:02:48.475 PM,3,7.2910924,-6.938696,-1.3908815
26040,11:02:48.496 PM,3,7.02773,-6.77589,-1.788319
26060,11:02:48.516 PM,3,6.6853595,-6.6513915,-1.8673277
26079,11:02:48.535 PM,3,6.3908725,-6.6011133,-1.8960581
26099,11:02:48.555 PM,3,6.580014,-6.9075713,-2.7507882
26119,11:02:48.575 PM,3,6.704513,-7.3145857,-2.6813562
26139,11:02:48.595 PM,3,6.642264,-6.7687073,-2.145055
26159,11:02:48.615 PM,3,6.6949363,-6.8237743,-2.2887073
26180,11:02:48.636 PM,3,6.7356377,-7.249942,-3.0859764
26199,11:02:48.655 PM,3,6.71409,-7.25473,-3.5025675
26219,11:02:48.675 PM,3,6.2951045,-7.0919247,-3.4546833
26240,11:02:48.696 PM,3,5.7827454,-6.890812,-3.3038487
26261,11:02:48.717 PM,3,5.378125,-7.0799537,-3.72044
26280,11:02:48.736 PM,3,5.081244,-7.1757216,-3.9814079
26300,11:02:48.756 PM,3,4.9687166,-6.751948,-4.256741
26320,11:02:48.776 PM,3,4.659865,-6.953061,-4.3596916
26339,11:02:48.795 PM,3,4.499453,-6.9003887,-4.64939
26359,11:02:48.815 PM,3,4.4084735,-6.8956003,-4.88881
26380,11:02:48.836 PM,3,4.2145433,-6.8381395,-5.3101897
26400,11:02:48.856 PM,3,4.13314,-6.929119,-5.5017257
26420,11:02:48.876 PM,3,4.1810246,-6.9674263,-5.4418707
26440,11:02:48.896 PM,3,4.355801,-7.0895305,-5.434688
26460,11:02:48.916 PM,3,4.4779053,-7.096713,-5.2982187
26480,11:02:48.936 PM,3,4.683807,-7.3457103,-5.1162596
26500,11:02:48.956 PM,3,4.841824,-7.4702086,-5.133019
26520,11:02:48.976 PM,3,4.8609776,-7.3481045,-4.984578
26540,11:02:48.996 PM,3,4.722114,-7.3696523,-4.635025
26560,11:02:49.016 PM,3,4.6646533,-7.305009,-4.644602
26580,11:02:49.036 PM,3,4.746056,-7.2451534,-4.5775642
26600,11:02:49.056 PM,3,4.9567456,-7.2331824,-4.354903
26620,11:02:49.076 PM,3,5.157859,-7.108684,-4.2878656
26640,11:02:49.096 PM,3,5.6007857,-7.144597,-4.4315176
26659,11:02:49.115 PM,3,6.216096,-7.0799537,-4.5512276
26679,11:02:49.135 PM,3,6.4603043,-6.6896987,-4.4387
26700,11:02:49.156 PM,3,6.3549595,-6.8285627,-4.218434
26720,11:02:49.176 PM,3,6.1538467,-6.881235,-4.2974424
26740,11:02:49.196 PM,3,6.019771,-6.7615247,-4.2854714
26760,11:02:49.216 PM,3,5.789928,-6.6489973,-4.24477
26780,11:02:49.236 PM,3,5.4643164,-6.82138,-4.421941
26800,11:02:49.256 PM,3,5.4547396,-7.094319,-4.6757264
26820,11:02:49.276 PM,3,5.220108,-6.953061,-4.682909
26840,11:02:49.296 PM,3,4.7771807,-7.010522,-4.613477
26860,11:02:49.316 PM,3,4.3246765,-7.249942,-4.338144
26880,11:02:49.336 PM,3,4.164265,-7.242759,-4.31899
26900,11:02:49.356 PM,3,4.118775,-7.5899186,-4.400393
26921,11:02:49.377 PM,3,4.2624273,-7.633014,-4.460248
26940,11:02:49.396 PM,3,4.3342533,-7.592313,-4.74037
26960,11:02:49.416 PM,3,4.535366,-7.8844056,-4.400393
26980,11:02:49.436 PM,3,4.8968906,-8.08073,-4.1178775
27000,11:02:49.456 PM,3,5.378125,-8.030452,-4.158579
27020,11:02:49.476 PM,3,5.706131,-7.817368,-4.307019
27040,11:02:49.496 PM,3,5.7875338,-7.7575126,-3.9909847
27060,11:02:49.516 PM,3,6.0341363,-7.7192054,-3.5959413
27080,11:02:49.536 PM,3,6.2328553,-7.838916,-3.2439938
27100,11:02:49.556 PM,3,6.3405943,-7.791032,-3.1482255
27121,11:02:49.577 PM,3,6.14427,-7.850887,-2.8226142
27140,11:02:49.596 PM,3,6.1658177,-7.96102,-2.3318028
27160,11:02:49.616 PM,3,6.09878,-8.265083,-1.8649335
27180,11:02:49.636 PM,3,5.8713307,-8.265083,-1.6805799
27200,11:02:49.656 PM,3,5.449951,-8.119038,-1.6494553
27220,11:02:49.676 PM,3,5.337424,-8.640973,-0.84260935
27240,11:02:49.696 PM,3,5.4307976,-9.014469,0.18450317
27260,11:02:49.716 PM,3,5.445163,-9.356839,0.8572738
27280,11:02:49.736 PM,3,5.282357,-9.251494,0.99374336
27300,11:02:49.756 PM,3,5.102792,-9.287408,1.060781
27320,11:02:49.776 PM,3,5.342212,-9.170092,1.5276504
27340,11:02:49.796 PM,3,5.378125,-9.028834,2.4470239
27360,11:02:49.816 PM,3,5.205743,-8.923489,2.9857192
27380,11:02:49.836 PM,3,4.8442183,-8.684069,3.3328784
27400,11:02:49.856 PM,3,4.638317,-8.614637,3.5148377
27420,11:02:49.876 PM,3,4.544943,-8.164527,3.804536
27440,11:02:49.896 PM,3,4.6095862,-8.01848,4.1876082
27460,11:02:49.916 PM,3,4.6143746,-7.7862434,4.63293
27480,11:02:49.936 PM,3,4.8561893,-7.4821796,5.2003555
27500,11:02:49.956 PM,3,4.769998,-6.7687073,5.633706
27520,11:02:49.976 PM,3,4.7364793,-6.6992755,5.3751326
27540,11:02:49.996 PM,3,4.7652097,-6.670545,5.4948425
27560,11:02:50.016 PM,3,4.743662,-6.0097456,5.56188
27581,11:02:50.037 PM,3,4.877737,-5.1909285,5.77257
27600,11:02:50.056 PM,3,4.853795,-4.7025113,5.9186163
27620,11:02:50.076 PM,3,5.1770124,-5.5476646,5.547515
27640,11:02:50.096 PM,3,4.841824,-4.508581,5.6480713
27659,11:02:50.115 PM,3,4.8442183,-2.7679965,5.2027497
27679,11:02:50.135 PM,3,5.069273,-1.7791911,5.329643
27700,11:02:50.156 PM,3,5.0261774,-3.0768485,5.382315
27719,11:02:50.175 PM,3,4.5257893,-3.0433297,5.4828715
27739,11:02:50.195 PM,3,4.6454997,-2.073678,5.478083
27759,11:02:50.215 PM,3,5.069273,-2.0784664,5.2530284
27780,11:02:50.236 PM,3,5.1387053,-2.4232314,5.669619
27799,11:02:50.255 PM,3,5.301511,-2.3130982,5.7534165
27820,11:02:50.276 PM,3,5.555296,-2.1383214,5.5546975
27840,11:02:50.296 PM,3,6.077232,-2.3729532,5.4230165
27859,11:02:50.315 PM,3,6.3645363,-1.8222867,5.619341
27879,11:02:50.335 PM,3,6.5704374,-1.5110406,5.6959553
27900,11:02:50.356 PM,3,6.958298,-2.4256256,5.4589295
27919,11:02:50.375 PM,3,7.4275618,-3.1965585,5.344008
27939,11:02:50.395 PM,3,7.626281,-2.1431098,5.358373
27970,11:02:50.426 PM,3,8.208072,-2.6602573,5.48766
27990,11:02:50.446 PM,3,8.375666,-3.6394858,4.8148894
28010,11:02:50.466 PM,3,8.296657,-3.8477814,4.9968486
28029,11:02:50.485 PM,3,7.832182,-3.4623148,4.731092
28049,11:02:50.505 PM,3,8.1937065,-3.52217,4.8508024
28069,11:02:50.525 PM,3,7.710078,-4.0369234,4.383933
28089,11:02:50.545 PM,3,7.676559,-3.7975032,4.359991
28110,11:02:50.566 PM,3,7.504176,-4.068048,4.3911157
28130,11:02:50.586 PM,3,7.561637,-3.7448308,4.3073187
28150,11:02:50.606 PM,3,7.4706573,-3.8932712,4.7550344
28170,11:02:50.626 PM,3,7.628675,-4.0488944,4.7789764
28192,11:02:50.648 PM,3,7.3629184,-3.7113118,4.951359
28210,11:02:50.666 PM,3,7.4491096,-4.250007,4.879533
28229,11:02:50.685 PM,3,7.075614,-3.629909,5.353585
28250,11:02:50.706 PM,3,7.166594,-3.5868134,5.1907787
28269,11:02:50.725 PM,3,7.0851912,-3.141492,5.159654
28289,11:02:50.745 PM,3,7.030124,-2.8853123,5.32246
28309,11:02:50.765 PM,3,7.236026,-3.5437179,4.5922284
28329,11:02:50.785 PM,3,6.977452,-3.0553007,4.9609356
28349,11:02:50.805 PM,3,7.43235,-3.747225,4.3982983
28369,11:02:50.825 PM,3,7.578397,-4.032135,4.551527
28389,11:02:50.845 PM,3,7.6238866,-4.259584,2.6337714
28409,11:02:50.865 PM,3,7.214478,-3.333028,3.1102176
28429,11:02:50.885 PM,3,7.619098,-5.576395,4.25704
28449,11:02:50.905 PM,3,7.702895,-4.7408185,3.280206
28469,11:02:50.925 PM,3,8.107515,-5.090372,4.0319853
28490,11:02:50.946 PM,3,7.939921,-5.2028995,4.5323734
28510,11:02:50.966 PM,3,8.045266,-4.757578,4.824466
28530,11:02:50.986 PM,3,8.222437,-5.2771196,3.969736
28550,11:02:51.006 PM,3,7.714866,-3.9052422,4.1277533
28570,11:02:51.026 PM,3,7.8130283,-4.1686044,4.987272
28590,11:02:51.046 PM,3,7.7579618,-4.49661,4.2953477
28610,11:02:51.066 PM,3,7.8752775,-4.1087494,3.613
28630,11:02:51.086 PM,3,7.5353007,-4.601955,4.951359
28650,11:02:51.106 PM,3,7.504176,-5.0113635,5.1979613
28669,11:02:51.125 PM,3,7.4251676,-4.1087494,4.743063
28690,11:02:51.146 PM,3,7.513753,-4.103961,4.6185646
28709,11:02:51.165 PM,3,7.2671504,-4.190152,4.2283096
28730,11:02:51.186 PM,3,7.3150344,-4.005799,4.6999674
28750,11:02:51.206 PM,3,7.202507,-4.321833,4.1205707
28770,11:02:51.226 PM,3,7.336582,-4.33141,4.039168
28789,11:02:51.245 PM,3,7.2910924,-4.1805754,4.146907
28811,11:02:51.267 PM,3,7.2432084,-4.345775,4.1277533
28829,11:02:51.285 PM,3,7.262362,-4.28592,4.0607157
28849,11:02:51.305 PM,3,7.384466,-4.3816886,4.13733
28869,11:02:51.325 PM,3,7.4012256,-4.2164884,4.0583215
28889,11:02:51.345 PM,3,7.4012256,-4.3505635,4.0200143
28909,11:02:51.365 PM,3,7.549666,-4.386477,4.0583215
28929,11:02:51.385 PM,3,7.417985,-4.2931027,4.1516953
28949,11:02:51.405 PM,3,7.64304,-4.247613,4.230704
28969,11:02:51.425 PM,3,7.5999446,-4.173393,4.1445127
28990,11:02:51.446 PM,3,7.76275,-5.1789575,4.3863273
29009,11:02:51.465 PM,3,7.592762,-4.829404,4.4006925
29029,11:02:51.485 PM,3,7.8297877,-5.2986674,4.1445127
29050,11:02:51.506 PM,3,7.8034515,-5.1909285,4.3623853
29069,11:02:51.525 PM,3,8.390031,-4.197335,3.8428433
29090,11:02:51.546 PM,3,8.083573,-4.712088,3.8308723
29110,11:02:51.566 PM,3,8.227225,-4.503793,4.336049
29129,11:02:51.585 PM,3,8.375666,-4.056077,3.9362173
29149,11:02:51.605 PM,3,8.203283,-4.6546273,4.25704
29169,11:02:51.625 PM,3,7.999776,-4.202123,4.565892
29189,11:02:51.645 PM,3,8.016536,-4.721665,3.888333
29209,11:02:51.665 PM,3,8.141034,-4.8581347,4.0607157
29229,11:02:51.685 PM,3,8.006959,-3.92679,3.6201825
29249,11:02:51.705 PM,3,7.987805,-4.5013986,3.8667853
29269,11:02:51.725 PM,3,7.336582,-3.7328596,4.6760254
29289,11:02:51.745 PM,3,7.7340198,-3.701735,3.826084
29309,11:02:51.765 PM,3,7.5736084,-3.6227264,5.181202
29329,11:02:51.785 PM,3,7.4012256,-3.7903206,4.869956
29349,11:02:51.805 PM,3,6.8553476,-2.6841993,5.0662804
29369,11:02:51.825 PM,3,7.2072954,-3.1390977,5.2793646
29389,11:02:51.845 PM,3,6.3453827,-3.084031,6.083816
29409,11:02:51.865 PM,3,7.104345,-3.9650972,5.1309237
29429,11:02:51.885 PM,3,6.3453827,-1.1159973,6.720674
29449,11:02:51.905 PM,3,5.959916,-1.3506291,6.878691
29469,11:02:51.925 PM,3,6.1011744,-1.5996261,7.199514
29490,11:02:51.946 PM,3,5.7971106,-2.1407156,7.36232
29509,11:02:51.965 PM,3,5.414038,-1.5134348,8.0662155
29531,11:02:51.987 PM,3,5.373337,-1.3458406,7.4413285
29549,11:02:52.005 PM,3,5.294328,-0.7305308,7.484424
29569,11:02:52.025 PM,3,5.133917,-1.2764088,8.118888
29589,11:02:52.045 PM,3,4.8561893,-1.6044145,6.378303
29609,11:02:52.065 PM,3,4.767604,-0.9531916,6.5147724
29629,11:02:52.085 PM,3,4.7963343,-1.2165537,7.5131545
29649,11:02:52.105 PM,3,4.8921022,-1.6115971,7.3216186
29669,11:02:52.125 PM,3,5.481076,-1.7241246,6.8834796
29689,11:02:52.145 PM,3,5.282357,-1.3578117,6.962488
29709,11:02:52.165 PM,3,5.876119,-1.8246809,7.400627
29729,11:02:52.185 PM,3,5.672612,-1.9012954,6.8475666
29749,11:02:52.205 PM,3,5.751621,-1.479916,6.677578
29769,11:02:52.225 PM,3,5.76838,-1.3961189,7.2713404
29789,11:02:52.245 PM,3,5.9072437,-2.4447792,6.962488
29809,11:02:52.265 PM,3,5.8114758,-2.2843678,6.780529
29829,11:02:52.285 PM,3,6.0149827,-2.6650457,7.4437227
29849,11:02:52.305 PM,3,6.2113075,-2.9379847,6.596175
29869,11:02:52.325 PM,3,6.1035686,-2.966715,6.65603
29889,11:02:52.345 PM,3,6.05329,-1.9970635,7.292888
29909,11:02:52.365 PM,3,6.3190465,-3.582025,7.9249573
29930,11:02:52.386 PM,3,6.0868087,-4.0010104,7.2378216
29950,11:02:52.406 PM,3,6.2567973,-3.617938,7.24261
29970,11:02:52.426 PM,3,6.57762,-2.6770167,7.496395
29990,11:02:52.446 PM,3,5.885696,-3.6753988,7.094169
30010,11:02:52.466 PM,3,6.1179338,-3.534141,7.0151606
30031,11:02:52.487 PM,3,5.354183,-3.7496192,6.6249056
30050,11:02:52.506 PM,3,5.5959973,-3.3545759,6.7972884
30070,11:02:52.526 PM,3,5.9192147,-4.479851,6.4692826
30090,11:02:52.546 PM,3,5.775563,-4.022558,6.38788
30110,11:02:52.566 PM,3,6.065261,-4.3170447,6.5985694
30130,11:02:52.586 PM,3,5.993435,-4.676175,6.58181
30150,11:02:52.606 PM,3,5.533748,-4.4654856,5.8491845
30170,11:02:52.626 PM,3,5.8833017,-4.273949,6.304083
30190,11:02:52.646 PM,3,5.07885,-4.649839,5.9329815
30210,11:02:52.666 PM,3,5.2368674,-5.0472765,5.8731265
30230,11:02:52.686 PM,3,4.9208326,-4.5947723,6.1269116
30250,11:02:52.706 PM,3,5.035754,-4.601955,6.20592
30270,11:02:52.726 PM,3,5.090821,-5.102343,5.6504655
30290,11:02:52.746 PM,3,4.9423804,-4.712088,5.7127147
30310,11:02:52.766 PM,3,5.7348614,-5.267543,6.093393
30330,11:02:52.786 PM,3,5.521777,-5.162198,6.095787
30350,11:02:52.806 PM,3,6.0125885,-5.502175,5.9688945
30370,11:02:52.826 PM,3,5.837812,-5.329792,5.904251
30390,11:02:52.846 PM,3,6.302287,-5.1933227,5.8036947
30410,11:02:52.866 PM,3,6.3812957,-5.1214967,5.9210105
30430,11:02:52.886 PM,3,6.556072,-5.574001,6.0742393
30450,11:02:52.906 PM,3,6.2448263,-5.255572,5.8731265
30470,11:02:52.926 PM,3,6.395661,-4.7743373,5.9832597
30490,11:02:52.946 PM,3,6.656629,-5.207688,6.328025
30510,11:02:52.966 PM,3,5.7109194,-5.064036,6.2394395
30530,11:02:52.986 PM,3,6.0389247,-5.1789575,5.7127147
30550,11:02:53.006 PM,3,5.2871456,-4.4774566,5.6289177
30570,11:02:53.026 PM,3,5.655853,-4.4032364,6.1029696
30590,11:02:53.046 PM,3,4.9663224,-4.388871,5.284153
30610,11:02:53.066 PM,3,4.731691,-4.66181,5.595399
30630,11:02:53.086 PM,3,4.8202763,-5.1574097,4.4150577
30649,11:02:53.105 PM,3,4.971111,-4.6115317,4.9489646
30669,11:02:53.125 PM,3,4.8202763,-5.1574097,4.4150577
30689,11:02:53.145 PM,3,4.758027,-5.430349,4.309713
30709,11:02:53.165 PM,3,5.009418,-7.0177045,3.756652
30729,11:02:53.185 PM,3,5.294328,-6.787861,4.0583215
30749,11:02:53.205 PM,3,5.2368674,-7.644985,2.2746413
30770,11:02:53.226 PM,3,5.361366,-7.3241625,2.87798
30789,11:02:53.245 PM,3,5.485864,-7.644985,1.3792099
30810,11:02:53.266 PM,3,5.555296,-8.236353,1.9945197
30830,11:02:53.286 PM,3,5.5600843,-8.463802,0.5101146
30850,11:02:53.306 PM,3,5.672612,-8.308179,0.72798693
30870,11:02:53.326 PM,3,5.5385365,-8.65055,-0.8593688
30889,11:02:53.345 PM,3,5.447557,-8.329727,-0.29673138
30909,11:02:53.365 PM,3,5.6989484,-8.102278,-1.7715596
30929,11:02:53.385 PM,3,5.390096,-8.406342,-1.2927192
30949,11:02:53.405 PM,3,5.6989484,-8.286632,-2.856133
30970,11:02:53.426 PM,3,6.0006175,-8.954614,-2.477849
30990,11:02:53.446 PM,3,5.8306293,-7.9179244,-3.7874775
31009,11:02:53.465 PM,3,5.7851396,-8.01848,-3.2535706
31030,11:02:53.486 PM,3,5.543325,-7.1613564,-4.2735004
31049,11:02:53.505 PM,3,5.5888147,-7.3576813,-3.7850833
31069,11:02:53.525 PM,3,5.258415,-6.833351,-4.730793
31089,11:02:53.545 PM,3,5.28954,-7.226,-4.481796
31109,11:02:53.565 PM,3,5.258415,-6.962638,-5.0803466
31129,11:02:53.585 PM,3,5.277569,-6.8118033,-5.1856914
31150,11:02:53.606 PM,3,4.3988967,-6.682516,-5.195268
31170,11:02:53.626 PM,3,4.722114,-6.8285627,-5.0899234
31190,11:02:53.646 PM,3,4.025401,-6.5795655,-5.8177605
31210,11:02:53.666 PM,3,4.1355343,-6.754342,-5.5807347
31229,11:02:53.685 PM,3,4.1594768,-6.3090205,-5.7794533
31250,11:02:53.706 PM,3,4.164265,-6.2874727,-5.7722707
31269,11:02:53.725 PM,3,4.6766243,-5.7511716,-6.3396964
31289,11:02:53.745 PM,3,4.4300213,-5.9834094,-5.9997196
31319,11:02:53.775 PM,3,5.81387,-5.880459,-6.7682586
31340,11:02:53.796 PM,3,5.102792,-5.657798,-6.4833484
31359,11:02:53.815 PM,3,6.362142,-4.922778,-6.9957075
31379,11:02:53.835 PM,3,6.299893,-5.198111,-7.022044
31399,11:02:53.855 PM,3,6.14427,-4.7288475,-6.526444
31419,11:02:53.875 PM,3,6.240038,-4.724059,-6.715586
31440,11:02:53.896 PM,3,5.3948846,-4.5229464,-6.9957075
31459,11:02:53.915 PM,3,5.969493,-4.6929345,-6.8257194
31480,11:02:53.936 PM,3,4.197784,-5.0257287,-6.68925
31500,11:02:53.956 PM,3,4.841824,-4.556465,-6.677279
31522,11:02:53.978 PM,3,3.1012394,-5.466262,-7.199215
31539,11:02:53.995 PM,3,3.5681088,-5.2005053,-6.823325
31560,11:02:54.016 PM,3,3.1467292,-5.621885,-7.1824555
31580,11:02:54.036 PM,3,3.0054712,-5.5476646,-7.2782235
31600,11:02:54.056 PM,3,4.451569,-5.7032876,-7.5703163
31620,11:02:54.076 PM,3,3.6926072,-5.791873,-7.3285017
31640,11:02:54.096 PM,3,5.4427686,-4.874894,-7.4841247
31660,11:02:54.116 PM,3,5.1291285,-5.348946,-7.721151
31680,11:02:54.136 PM,3,5.655853,-4.580407,-7.211186
31700,11:02:54.156 PM,3,5.64867,-4.783914,-7.3476553
31720,11:02:54.176 PM,3,5.3589716,-4.271555,-6.907122
31740,11:02:54.196 PM,3,5.473893,-4.4990044,-6.9957075
31760,11:02:54.216 PM,3,5.2248964,-4.4295726,-6.964583
31780,11:02:54.236 PM,3,5.267992,-4.3002853,-6.931064
31800,11:02:54.256 PM,3,5.1123686,-4.5421,-6.931064
31820,11:02:54.276 PM,3,5.193772,-4.434361,-6.9502177
31840,11:02:54.296 PM,3,5.009418,-4.8653173,-7.01965
31860,11:02:54.316 PM,3,5.066879,-4.676175,-6.9621887
31879,11:02:54.335 PM,3,5.232079,-5.2052937,-6.9214873
31900,11:02:54.356 PM,3,5.081244,-5.0712185,-6.8975453
31920,11:02:54.376 PM,3,5.337424,-5.992986,-6.8137484
31940,11:02:54.396 PM,3,5.19856,-5.56203,-6.8879685
31960,11:02:54.416 PM,3,5.361366,-6.01214,-6.581511
31980,11:02:54.436 PM,3,5.426009,-5.9714384,-6.7203746
32000,11:02:54.456 PM,3,5.24405,-6.170157,-6.0619693
32020,11:02:54.476 PM,3,5.229685,-6.0097456,-6.277447
32040,11:02:54.496 PM,3,4.985476,-6.330569,-5.920711
32059,11:02:54.515 PM,3,5.1003976,-6.512528,-6.0619693
32080,11:02:54.536 PM,3,4.671836,-6.253954,-5.3461027
32100,11:02:54.556 PM,3,4.827459,-6.0911484,-5.6405897
32120,11:02:54.576 PM,3,4.5018473,-6.1557918,-5.5208793
32139,11:02:54.595 PM,3,4.6550765,-6.2156467,-5.3939867
32160,11:02:54.616 PM,3,4.3007345,-6.2395887,-5.7076273
32180,11:02:54.636 PM,3,4.4228387,-6.2108583,-5.6741085
32199,11:02:54.655 PM,3,4.3486185,-6.1270614,-5.824943
32220,11:02:54.676 PM,3,4.283975,-6.107908,-5.882404
32240,11:02:54.696 PM,3,4.367772,-6.253954,-6.2175922
32260,11:02:54.716 PM,3,4.329465,-6.354511,-5.894375
32279,11:02:54.735 PM,3,4.5425487,-6.2874727,-6.6365776
32299,11:02:54.755 PM,3,4.4898763,-6.2707133,-6.3780036
32320,11:02:54.776 PM,3,4.592827,-6.0073514,-6.6485486
32340,11:02:54.796 PM,3,4.5736732,-6.071995,-6.796989
32360,11:02:54.816 PM,3,4.595221,-5.7607484,-6.761076
32380,11:02:54.836 PM,3,4.6263456,-5.8756704,-6.5886936
32400,11:02:54.856 PM,3,4.6335287,-5.6530094,-6.64376
32419,11:02:54.875 PM,3,4.5784616,-5.75596,-6.725163
32439,11:02:54.895 PM,3,4.50903,-5.5189342,-6.715586
32460,11:02:54.916 PM,3,4.6790185,-5.650615,-6.567146
32480,11:02:54.936 PM,3,4.3342533,-5.708076,-6.7084036
32500,11:02:54.956 PM,3,4.3150997,-5.753566,-6.698827
32520,11:02:54.976 PM,3,4.1570826,-5.868488,-6.4857426
32540,11:02:54.996 PM,3,4.331859,-5.7248354,-6.579117
32560,11:02:55.016 PM,3,4.3510127,-6.1510034,-6.650943
32580,11:02:55.036 PM,3,4.1690536,-5.954679,-6.751499
32600,11:02:55.056 PM,3,5.054908,-6.1677628,-6.514473
32620,11:02:55.076 PM,3,4.743662,-6.143821,-6.5192614
32640,11:02:55.096 PM,3,5.3829136,-5.897218,-6.2175922
32660,11:02:55.116 PM,3,5.24405,-6.0552354,-6.277447
32680,11:02:55.136 PM,3,5.897667,-5.777508,-6.0978823
32699,11:02:55.155 PM,3,5.555296,-5.8517284,-6.2343516
32720,11:02:55.176 PM,3,6.120328,-5.8110266,-5.9398646
32742,11:02:55.198 PM,3,5.9790697,-5.818209,-5.956624
32760,11:02:55.216 PM,3,5.6151514,-5.585972,-5.8273373
32780,11:02:55.236 PM,3,6.0365305,-5.813421,-5.7962127
32800,11:02:55.256 PM,3,4.6287403,-5.5572414,-5.812972
32820,11:02:55.276 PM,3,5.1530704,-5.5117517,-5.777059
32840,11:02:55.296 PM,3,3.3286886,-5.9618616,-6.1146417
32859,11:02:55.315 PM,3,3.9535751,-5.84694,-5.992537
32880,11:02:55.336 PM,3,3.3430538,-6.5580177,-6.5503864
32900,11:02:55.356 PM,3,3.2496798,-6.244377,-6.418705
32920,11:02:55.376 PM,3,4.248062,-6.8836293,-6.8520555
32940,11:02:55.396 PM,3,3.7548563,-6.6657567,-6.758682
32960,11:02:55.416 PM,3,5.19856,-6.4502788,-6.3756094
32980,11:02:55.436 PM,3,4.863372,-6.6513915,-6.6485486
33012,11:02:55.468 PM,3,5.390096,-6.265925,-5.8153663
33029,11:02:55.485 PM,3,5.421221,-6.4095774,-6.1697083
33049,11:02:55.505 PM,3,5.3086934,-5.8636994,-5.8081837
33069,11:02:55.525 PM,3,5.301511,-5.990592,-5.8752213
33089,11:02:55.545 PM,3,5.294328,-6.014534,-6.0499983
33109,11:02:55.565 PM,3,5.31827,-5.8660936,-5.8895864
33129,11:02:55.585 PM,3,5.1410995,-5.89243,-5.98296
33150,11:02:55.606 PM,3,5.181801,-6.000169,-6.3157544
33169,11:02:55.625 PM,3,5.1434937,-6.2156467,-6.1721025
33190,11:02:55.646 PM,3,5.1267343,-5.9738326,-6.3157544
33209,11:02:55.665 PM,3,5.2727804,-6.6513915,-5.918317
33229,11:02:55.685 PM,3,5.2272906,-6.2994437,-5.882404
33249,11:02:55.705 PM,3,5.426009,-7.096713,-5.7004447
33269,11:02:55.725 PM,3,5.435586,-6.9913683,-5.7674823
33289,11:02:55.745 PM,3,5.5983915,-7.951443,-4.716428
33309,11:02:55.765 PM,3,5.5768437,-7.290643,-5.267094
33329,11:02:55.785 PM,3,5.1746182,-8.401553,-4.098724
33349,11:02:55.805 PM,3,5.4284034,-8.401553,-4.4674306
33369,11:02:55.825 PM,3,4.8466125,-8.638579,-2.465878
33389,11:02:55.845 PM,3,5.030966,-8.506898,-3.4091935
33409,11:02:55.865 PM,3,4.592827,-8.8923645,-0.9886557
33429,11:02:55.885 PM,3,4.758027,-8.813355,-1.6255133
33449,11:02:55.905 PM,3,4.497059,-9.031228,0.3616741
33469,11:02:55.925 PM,3,4.3941083,-8.882788,-0.52896893
33490,11:02:55.946 PM,3,4.4707227,-8.995315,2.130989
33509,11:02:55.965 PM,3,4.547337,-8.949825,1.582717
33529,11:02:55.985 PM,3,4.073285,-8.454226,3.1916206
33549,11:02:56.005 PM,3,4.200178,-9.110237,2.6361656
33569,11:02:56.025 PM,3,4.130746,-8.638579,4.728698
33590,11:02:56.046 PM,3,3.9463925,-8.138191,4.075081
33609,11:02:56.065 PM,3,3.999065,-7.4414783,4.9010806
33629,11:02:56.085 PM,3,3.9487867,-7.740753,5.1021934
33649,11:02:56.105 PM,3,4.0780735,-5.8301806,5.916222
33669,11:02:56.125 PM,3,3.9128737,-6.6489973,5.1285295
33690,11:02:56.146 PM,3,4.4683285,-4.860529,6.5770216
33709,11:02:56.165 PM,3,4.4779053,-5.6554036,6.687155
33730,11:02:56.186 PM,3,4.2528505,-4.494216,6.620117
33750,11:02:56.206 PM,3,4.3342533,-5.126285,6.7134914
33770,11:02:56.226 PM,3,4.3749547,-3.6466684,5.7677817
33790,11:02:56.246 PM,3,4.547337,-3.7161002,6.58181
33810,11:02:56.266 PM,3,4.8825254,-3.5245643,6.98643
33831,11:02:56.287 PM,3,5.105186,-2.9379847,6.723068
33850,11:02:56.306 PM,3,4.695778,-3.093608,6.107758
33870,11:02:56.326 PM,3,5.105186,-2.9379847,6.723068
33889,11:02:56.345 PM,3,4.8705544,-4.2883143,5.4014688
33909,11:02:56.365 PM,3,4.365378,-3.878906,5.0447326
33930,11:02:56.386 PM,3,5.4044614,-3.0624833,6.179584
33950,11:02:56.406 PM,3,5.3110876,-3.1127615,6.2753525
33970,11:02:56.426 PM,3,5.581632,-3.380912,6.0072017
33990,11:02:56.446 PM,3,5.3565774,-3.4671032,6.0766335
34010,11:02:56.466 PM,3,5.751621,-3.07206,5.0088196
34030,11:02:56.486 PM,3,5.679795,-3.3497875,5.597793
34050,11:02:56.506 PM,3,6.2089133,-3.5796309,5.609764
34069,11:02:56.525 PM,3,6.1394815,-3.452738,5.135712
34090,11:02:56.546 PM,3,6.4890347,-4.436755,4.9130516
34110,11:02:56.566 PM,3,6.3334117,-3.7615902,5.6768017
34129,11:02:56.585 PM,3,7.2312374,-4.388871,5.001637
34149,11:02:56.605 PM,3,6.946327,-5.0257287,4.63293
34169,11:02:56.625 PM,3,7.712472,-4.2571898,5.1381063
34189,11:02:56.645 PM,3,7.5113587,-4.3122563,5.427805
34209,11:02:56.665 PM,3,8.179341,-4.6115317,4.680814
34230,11:02:56.686 PM,3,7.9806223,-4.733636,4.644901
34250,11:02:56.706 PM,3,8.279898,-4.1925464,4.771794
34269,11:02:56.725 PM,3,8.267926,-4.2332478,4.786159
34289,11:02:56.745 PM,3,7.5568485,-3.878906,4.613776
34309,11:02:56.765 PM,3,7.844153,-3.8573582,4.685602
34330,11:02:56.786 PM,3,7.226449,-3.950732,4.1062055
34350,11:02:56.806 PM,3,7.379678,-3.9363668,4.4006925
34370,11:02:56.826 PM,3,7.528118,-4.068048,3.7494695
34390,11:02:56.846 PM,3,7.4131966,-3.5389295,3.828478
34410,11:02:56.866 PM,3,7.3629184,-4.3050737,3.864391
34430,11:02:56.886 PM,3,7.64304,-4.271555,3.840449
34450,11:02:56.906 PM,3,7.55206,-4.434361,3.6608841
34470,11:02:56.926 PM,3,7.4251676,-4.4032364,3.65849
34490,11:02:56.946 PM,3,7.5065703,-4.0369234,4.369568
34510,11:02:56.966 PM,3,7.5424833,-4.223671,4.0319853
34529,11:02:56.985 PM,3,7.662194,-4.053683,5.039944
34550,11:02:57.006 PM,3,7.710078,-4.343381,4.7693996
34569,11:02:57.025 PM,3,7.698107,-3.8645408,5.3272486
34589,11:02:57.045 PM,3,7.6334634,-4.115932,5.3511906
34612,11:02:57.068 PM,3,7.674165,-3.950732,5.573851
34630,11:02:57.086 PM,3,7.7172604,-3.8477814,5.3894978
34649,11:02:57.105 PM,3,7.420379,-4.103961,5.250634
34669,11:02:57.125 PM,3,7.662194,-4.178181,5.5331497
34689,11:02:57.145 PM,3,7.066037,-3.7759554,4.247463
34709,11:02:57.165 PM,3,7.23842,-3.8022916,4.563498
34730,11:02:57.186 PM,3,6.8792896,-4.149451,3.838055
34750,11:02:57.206 PM,3,6.979846,-3.9100306,4.0224085
34769,11:02:57.225 PM,3,6.95351,-4.6067433,3.421464
34790,11:02:57.246 PM,3,6.893655,-4.364929,3.3783681
34809,11:02:57.265 PM,3,6.967875,-4.472668,3.316119
34830,11:02:57.286 PM,3,6.8553476,-4.2667665,3.5268087
34850,11:02:57.306 PM,3,7.537695,-4.5421,4.2498574
34870,11:02:57.326 PM,3,7.331794,-4.8892593,3.6848261
34890,11:02:57.346 PM,3,7.6597996,-4.0010104,5.1405005
34910,11:02:57.366 PM,3,7.662194,-4.419996,4.8292546
34930,11:02:57.386 PM,3,7.798663,-3.842993,5.039944
34950,11:02:57.406 PM,3,7.7172604,-3.6945524,5.1261353
34969,11:02:57.425 PM,3,7.6957126,-4.068048,5.286547
34989,11:02:57.445 PM,3,7.724443,-4.0632596,5.3511906
35009,11:02:57.465 PM,3,7.441927,-4.2164884,4.8412256
35029,11:02:57.485 PM,3,7.549666,-4.209306,5.1069818
35050,11:02:57.506 PM,3,7.5113587,-4.173393,4.625747
35070,11:02:57.526 PM,3,7.4969935,-4.1087494,4.589834
35090,11:02:57.546 PM,3,7.4945993,-4.518158,4.527585
35110,11:02:57.566 PM,3,7.5233297,-4.3170447,4.623353
35131,11:02:57.587 PM,3,7.9111905,-4.769549,4.4270287
35149,11:02:57.605 PM,3,7.8034515,-4.7910967,4.5227966
35169,11:02:57.625 PM,3,7.700501,-4.8701057,4.441394
35189,11:02:57.645 PM,3,7.7316256,-4.6689925,4.34802
35210,11:02:57.666 PM,3,7.6813474,-4.898836,4.7382746
35229,11:02:57.685 PM,3,7.724443,-4.896442,4.515614
35249,11:02:57.705 PM,3,7.774721,-4.436755,4.965724
35269,11:02:57.725 PM,3,7.6717706,-5.0448823,4.867562
35290,11:02:57.746 PM,3,7.700501,-4.0034046,4.6401124
35309,11:02:57.765 PM,3,7.7292314,-4.185364,4.7478514
35329,11:02:57.785 PM,3,7.6693764,-3.689764,4.4988546
35349,11:02:57.805 PM,3,7.710078,-3.7903206,4.6065936
35369,11:02:57.825 PM,3,7.2216606,-2.571672,5.1859903
35389,11:02:57.845 PM,3,7.35813,-2.9954455,4.846014
35409,11:02:57.865 PM,3,7.006182,-1.2189479,5.9425583
35430,11:02:57.886 PM,3,7.063643,-2.0593128,5.621735
35450,11:02:57.906 PM,3,6.7715507,-0.6323685,5.904251
35470,11:02:57.926 PM,3,6.9367504,-0.95798,6.181978
35490,11:02:57.946 PM,3,6.4267855,0.066738375,6.615329
35510,11:02:57.966 PM,3,6.587197,-0.23732524,6.2490163
35530,11:02:57.986 PM,3,5.969493,0.17687166,7.2617636
35550,11:02:58.006 PM,3,6.242432,0.054767363,7.1252937
35570,11:02:58.026 PM,3,5.3565774,0.60543376,7.3790793
35590,11:02:58.046 PM,3,5.792322,0.04997896,7.0845923
35610,11:02:58.066 PM,3,5.193772,0.61261636,7.7860937
35630,11:02:58.086 PM,3,5.265598,0.5767033,7.76694
35650,11:02:58.106 PM,3,4.949563,1.0483611,7.0271316
35670,11:02:58.126 PM,3,4.995053,0.6509236,7.55625
35689,11:02:58.145 PM,3,4.5617023,0.5264251,7.1444473
35710,11:02:58.166 PM,3,4.841824,0.74908584,7.0414968
35730,11:02:58.186 PM,3,3.7452796,0.42108023,7.0391026
35750,11:02:58.206 PM,3,4.0397663,0.26306292,7.3695025
35770,11:02:58.226 PM,3,3.6327522,-0.27084407,7.4676647
35790,11:02:58.246 PM,3,3.6471174,0.081103586,6.945729
35810,11:02:58.266 PM,3,3.6926072,-0.6132149,8.054244
35830,11:02:58.286 PM,3,3.5417726,-0.20620061,7.800459
35850,11:02:58.306 PM,3,3.6543,-1.3649943,7.6448355
35870,11:02:58.326 PM,3,3.582474,-0.8526351,7.788488
35890,11:02:58.346 PM,3,4.01343,-2.74166,8.561815
35910,11:02:58.366 PM,3,3.9487867,-2.0090344,8.116493
35930,11:02:58.386 PM,3,3.963152,-2.964321,8.451682
35950,11:02:58.406 PM,3,4.0637083,-2.7823617,8.552238
35970,11:02:58.426 PM,3,4.2648215,-3.996222,8.837148
35990,11:02:58.446 PM,3,3.951181,-3.368941,8.310424
36010,11:02:58.466 PM,3,4.767604,-3.2205005,8.437317
36030,11:02:58.486 PM,3,4.7843633,-3.8405988,9.062203
36050,11:02:58.506 PM,3,4.901679,-3.5125933,8.286482
36070,11:02:58.526 PM,3,4.7867575,-3.7687728,8.279299
36090,11:02:58.546 PM,3,4.9088616,-1.3242928,7.896227
36110,11:02:58.566 PM,3,4.8346415,-1.8390462,8.293664
36130,11:02:58.586 PM,3,4.38932,-2.8517935,8.03509
36150,11:02:58.606 PM,3,4.5018473,-2.229301,7.752575
36171,11:02:58.627 PM,3,4.547337,-2.7799675,8.590546
36199,11:02:58.655 PM,3,4.815488,-2.5932198,7.9728413
36219,11:02:58.675 PM,3,4.6143746,-2.7440543,7.046285
36239,11:02:58.695 PM,3,4.8370357,-3.0864253,6.6823664
36259,11:02:58.715 PM,3,5.12434,-3.5149875,6.1963434
36279,11:02:58.735 PM,3,5.232079,-4.664204,5.925799
36299,11:02:58.755 PM,3,5.414038,-4.980239,5.6121583
36319,11:02:58.775 PM,3,5.6774006,-4.9012303,4.977695
36339,11:02:58.795 PM,3,5.60318,-5.3537345,4.561104
36360,11:02:58.816 PM,3,5.763592,-6.4335194,4.0942345
36379,11:02:58.835 PM,3,5.69416,-7.532458,4.003255
36399,11:02:58.855 PM,3,5.5050178,-7.7311764,3.268235
36419,11:02:58.875 PM,3,5.88809,-8.289025,2.4542065
36440,11:02:58.896 PM,3,5.5768437,-8.8205385,2.2674587
36459,11:02:58.915 PM,3,5.449951,-8.77026,1.5803227
36479,11:02:58.935 PM,3,5.751621,-9.227552,0.6298247
36499,11:02:58.955 PM,3,5.6271224,-9.31135,-0.39968204
36520,11:02:58.976 PM,3,5.622334,-8.813355,-0.8593688
36540,11:02:58.996 PM,3,5.8114758,-8.444649,-1.4842554
36560,11:02:59.016 PM,3,5.6869774,-8.79899,-1.4627076
36580,11:02:59.036 PM,3,5.655853,-8.128614,-2.2934957
36599,11:02:59.055 PM,3,5.569661,-7.9562316,-3.2870893
36620,11:02:59.076 PM,3,5.658247,-7.7670894,-3.55524
36640,11:02:59.096 PM,3,5.5122004,-7.4678144,-4.0915413
36660,11:02:59.116 PM,3,5.36376,-7.240365,-4.421941
36680,11:02:59.136 PM,3,5.10758,-7.4295073,-4.757129
36699,11:02:59.155 PM,3,4.9663224,-6.77589,-4.984578
36719,11:02:59.175 PM,3,4.939986,-6.7256117,-5.2263927
36740,11:02:59.196 PM,3,5.042937,-6.320992,-5.288642
36760,11:02:59.216 PM,3,4.985476,-6.383241,-5.7794533
36779,11:02:59.235 PM,3,5.023783,-6.0432644,-6.057181
36799,11:02:59.255 PM,3,5.267992,-6.002563,-6.1816792
36819,11:02:59.275 PM,3,5.4284034,-5.9020066,-6.7419224
36840,11:02:59.296 PM,3,5.521777,-5.6314616,-7.1728787
36859,11:02:59.315 PM,3,5.402067,-5.4231663,-7.151331
36879,11:02:59.335 PM,3,5.6271224,-4.817433,-7.1944265
36899,11:02:59.355 PM,3,5.5959973,-5.0592475,-7.235128
36919,11:02:59.375 PM,3,5.531354,-4.6306853,-7.5032783
36940,11:02:59.396 PM,3,5.5289598,-4.185364,-7.579893
36959,11:02:59.415 PM,3,5.267992,-4.1925464,-7.2518873
36979,11:02:59.435 PM,3,5.1267343,-3.9243958,-7.5152497
37001,11:02:59.457 PM,3,4.7173257,-3.582025,-8.080281
37020,11:02:59.476 PM,3,4.3510127,-3.3785179,-8.180838
37039,11:02:59.495 PM,3,3.9128737,-3.273173,-8.123377
37059,11:02:59.515 PM,3,3.4986768,-3.1750107,-8.030003
37079,11:02:59.535 PM,3,3.2592566,-3.1247325,-8.109012
37100,11:02:59.556 PM,3,3.4148798,-2.7775733,-8.274212
37119,11:02:59.575 PM,3,3.7045782,-2.880524,-7.9988785
37140,11:02:59.596 PM,3,4.415656,-2.8063037,-7.855226
37160,11:02:59.616 PM,3,5.210531,-3.0553007,-7.852832
37180,11:02:59.636 PM,3,5.7827454,-3.105579,-8.116194
37200,11:02:59.656 PM,3,6.326229,-2.9978397,-7.733122
37220,11:02:59.676 PM,3,6.5105824,-2.9260137,-7.393145
37241,11:02:59.697 PM,3,6.776339,-2.8470051,-7.5032783
37259,11:02:59.715 PM,3,6.6374755,-3.0074167,-7.82889
37279,11:02:59.735 PM,3,6.1993365,-2.9715035,-7.90311
37299,11:02:59.755 PM,3,5.433192,-2.8877065,-7.6469307
37319,11:02:59.775 PM,3,4.6526823,-2.9260137,-7.864803
37340,11:02:59.796 PM,3,3.9703345,-2.8350341,-8.355615
37359,11:02:59.815 PM,3,3.264045,-2.892495,-8.858397
37380,11:02:59.836 PM,3,2.8306947,-2.988263,-9.318084
37399,11:02:59.855 PM,3,2.7612627,-3.2324715,-9.3444195
37420,11:02:59.876 PM,3,3.0701149,-3.1151557,-9.531167
37439,11:02:59.895 PM,3,3.6758478,-2.8350341,-9.277382
37459,11:02:59.915 PM,3,4.6119804,-2.880524,-8.623765
37479,11:02:59.935 PM,3,5.222502,-2.9499557,-7.8576202
37499,11:02:59.955 PM,3,5.43798,-3.002628,-7.843255
37520,11:02:59.976 PM,3,5.5888147,-2.7584198,-7.905504
37540,11:02:59.996 PM,3,5.6007857,-2.7775733,-7.8001595
37560,11:03:00.016 PM,3,5.531354,-2.856582,-8.09704
37579,11:03:00.035 PM,3,5.519383,-2.739266,-8.125771
37599,11:03:00.055 PM,3,5.2991166,-2.8709471,-8.36998
37620,11:03:00.076 PM,3,5.12434,-3.0241761,-8.338855
37640,11:03:00.096 PM,3,5.009418,-3.19177,-8.1138
37660,11:03:00.116 PM,3,4.961534,-3.1271267,-8.001272
37680,11:03:00.136 PM,3,4.8130937,-3.1223383,-8.044368
37699,11:03:00.155 PM,3,4.746056,-3.593996,-7.879168
37720,11:03:00.176 PM,3,4.722114,-3.8836944,-7.9821186
37740,11:03:00.196 PM,3,4.7891517,-4.005799,-7.891139
37760,11:03:00.216 PM,3,4.841824,-4.175787,-7.711574
37779,11:03:00.235 PM,3,4.8490067,-4.3002853,-7.6565075
37800,11:03:00.256 PM,3,4.8011227,-4.848558,-7.4673653
37820,11:03:00.276 PM,3,4.8609776,-5.0089693,-7.0723224
37840,11:03:00.296 PM,3,4.7652097,-4.9754505,-6.871209
37859,11:03:00.315 PM,3,4.7508445,-5.052065,-6.5862994
37880,11:03:00.336 PM,3,4.767604,-5.432743,-6.1457663
37899,11:03:00.355 PM,3,4.949563,-5.624279,-6.1002765
37919,11:03:00.375 PM,3,5.0405426,-5.933131,-6.047604
37940,11:03:00.396 PM,3,4.995053,-6.4119716,-5.882404
37960,11:03:00.416 PM,3,5.095609,-6.7687073,-5.824943
37980,11:03:00.436 PM,3,5.1626472,-6.8501105,-5.872827
37999,11:03:00.455 PM,3,5.306299,-6.9243307,-5.374833
38020,11:03:00.476 PM,3,5.40925,-7.178116,-5.1378074
38039,11:03:00.495 PM,3,5.007024,-7.0775595,-4.584747
38059,11:03:00.515 PM,3,5.0620904,-7.1852984,-4.534468
38080,11:03:00.536 PM,3,5.009418,-7.0871363,-4.280683
38100,11:03:00.556 PM,3,5.1530704,-7.4678144,-3.8616977
38120,11:03:00.576 PM,3,4.971111,-7.2355766,-3.452289
38140,11:03:00.596 PM,3,4.916044,-7.3121915,-3.2655416
38160,11:03:00.616 PM,3,4.91365,-7.75033,-3.1625907
38180,11:03:00.636 PM,3,4.8921022,-7.819762,-2.9590836
38200,11:03:00.656 PM,3,5.018995,-8.128614,-2.6478374
38220,11:03:00.676 PM,3,4.9806876,-8.478168,-1.9846436
38240,11:03:00.696 PM,3,5.1410995,-8.377611,-1.5800235
38260,11:03:00.716 PM,3,5.3350296,-8.6457615,-1.1634324
38280,11:03:00.736 PM,3,5.313482,-8.640973,-0.6223428
38300,11:03:00.756 PM,3,5.5409307,-8.528446,-0.040551793
38320,11:03:00.776 PM,3,5.5624785,-8.753501,0.58194065
38340,11:03:00.796 PM,3,5.5648727,-9.110237,0.9434651
38360,11:03:00.816 PM,3,5.634305,-8.861239,1.2379519
38380,11:03:00.836 PM,3,5.7348614,-8.109461,1.369633
38399,11:03:00.855 PM,3,5.73965,-7.9179244,1.7239748
38419,11:03:00.875 PM,3,5.801899,-7.747936,2.1333833
38439,11:03:00.895 PM,3,6.0461073,-7.355287,2.854038
38459,11:03:00.915 PM,3,6.1538467,-7.5540056,2.3464673
38479,11:03:00.935 PM,3,6.4890347,-7.7551184,3.150919
38499,11:03:00.955 PM,3,6.958298,-7.4342957,4.3671737
38520,11:03:00.976 PM,3,7.02773,-7.4582376,4.6281414
38540,11:03:00.996 PM,3,6.886472,-7.451055,4.503643
38559,11:03:01.015 PM,3,6.6111393,-7.0608,3.814113
38579,11:03:01.035 PM,3,6.905626,-6.718429,4.264223
38599,11:03:01.055 PM,3,7.166594,-5.4830213,5.2266917
38620,11:03:01.076 PM,3,6.955904,-4.5229464,5.964106
38640,11:03:01.096 PM,3,6.204125,-3.9411552,5.7510223
38660,11:03:01.116 PM,3,5.497835,-4.3122563,5.15726
38680,11:03:01.136 PM,3,5.0764556,-3.1103673,5.583428
38700,11:03:01.156 PM,3,5.593603,-2.061707,6.167613
38719,11:03:01.175 PM,3,5.8928785,-1.4224551,7.304859
38739,11:03:01.195 PM,3,5.294328,-0.7257424,5.595399
38760,11:03:01.216 PM,3,5.610363,-1.9108722,4.9345994
38779,11:03:01.235 PM,3,6.1179338,-1.3841479,5.844396
38800,11:03:01.256 PM,3,6.6973305,-1.254861,6.330419
38819,11:03:01.275 PM,3,6.6518407,-1.0345944,6.998401
38839,11:03:01.295 PM,3,6.3214407,-0.67546415,5.9353757
38859,11:03:01.315 PM,3,6.7595797,-0.969951,4.96333
38879,11:03:01.335 PM,3,6.7930984,-0.39055416,5.5451207
38899,11:03:01.355 PM,3,6.7930984,-0.68264675,6.0909986
38919,11:03:01.375 PM,3,6.666206,-1.3314754,5.760599
38939,11:03:01.395 PM,3,6.7116957,-1.9060838,5.6648307
38960,11:03:01.416 PM,3,6.5464954,-1.8031331,5.03755
38980,11:03:01.436 PM,3,6.666206,-1.8797476,5.193173
39000,11:03:01.456 PM,3,6.7547913,-1.5254058,5.48766
39019,11:03:01.475 PM,3,6.8194346,-1.9180548,5.6720133
39040,11:03:01.496 PM,3,6.551284,-1.752855,5.4086514
39060,11:03:01.516 PM,3,6.575226,-1.9850925,5.0686746
39079,11:03:01.535 PM,3,6.824223,-2.3729532,4.920234
39099,11:03:01.555 PM,3,6.869713,-2.3633764,5.219509
39119,11:03:01.575 PM,3,7.0085764,-2.4854805,5.499631
39139,11:03:01.595 PM,3,6.874501,-2.8901007,5.5187845
39159,11:03:01.615 PM,3,6.9870286,-3.5030165,5.4732947
39179,11:03:01.635 PM,3,7.0971622,-3.4862568,5.633706
39199,11:03:01.655 PM,3,7.216872,-3.3833063,5.832425
39219,11:03:01.675 PM,3,7.2791214,-2.9738977,5.8348193
39239,11:03:01.695 PM,3,7.441927,-3.0553007,5.7246857
39259,11:03:01.715 PM,3,7.4730515,-3.2803557,5.7653875
39279,11:03:01.735 PM,3,7.3174286,-3.452738,5.502025
39299,11:03:01.755 PM,3,7.202507,-3.914819,5.2913356
39319,11:03:01.775 PM,3,7.3174286,-4.010587,5.305701
39339,11:03:01.795 PM,3,7.259968,-4.410419,5.332037
39369,11:03:01.825 PM,3,7.180959,-4.33141,5.250634
39389,11:03:01.845 PM,3,6.869713,-4.384083,5.1788077
39409,11:03:01.865 PM,3,6.929568,-4.604349,4.9944544
39429,11:03:01.885 PM,3,6.872107,-4.7791257,4.788553
39449,11:03:01.905 PM,3,7.094768,-4.819827,4.5323734
39469,11:03:01.925 PM,3,7.145046,-5.0376997,4.465336
39489,11:03:01.945 PM,3,7.106739,-5.138256,4.197185
39510,11:03:01.966 PM,3,7.0468836,-5.0736127,3.7231333
39529,11:03:01.985 PM,3,7.075614,-5.114314,3.2897828
39550,11:03:02.006 PM,3,6.857742,-4.589984,3.1006408
39570,11:03:02.026 PM,3,6.6518407,-4.862923,3.5004725
39589,11:03:02.045 PM,3,6.527342,-5.030517,4.0798693
39620,11:03:02.076 PM,3,6.587197,-5.090372,4.4701242
39639,11:03:02.095 PM,3,7.037307,-5.566818,5.3631616
39659,11:03:02.115 PM,3,6.8194346,-5.1167083,5.23148
39679,11:03:02.135 PM,3,7.075614,-6.1893106,5.2649994
39699,11:03:02.155 PM,3,7.07322,-5.779902,5.355979
39719,11:03:02.175 PM,3,7.078008,-5.564424,5.2769704
39739,11:03:02.195 PM,3,7.19293,-5.8996124,5.2673936
39760,11:03:02.216 PM,3,6.8673186,-5.0616417,4.6544776
39779,11:03:02.235 PM,3,6.9606924,-5.2268414,4.929811
39799,11:03:02.255 PM,3,6.606351,-5.0329113,3.814113
39820,11:03:02.276 PM,3,6.7691565,-5.2148705,4.333655
39839,11:03:02.295 PM,3,6.606351,-4.968268,3.3544261
39860,11:03:02.316 PM,3,6.702119,-5.06643,3.4789248
39879,11:03:02.335 PM,3,6.5704374,-5.183746,3.65849
39899,11:03:02.355 PM,3,6.3645363,-5.064036,3.3448493
39919,11:03:02.375 PM,3,6.2208843,-5.1909285,4.5443444
39939,11:03:02.395 PM,3,6.3094697,-5.3010616,3.9960723
39959,11:03:02.415 PM,3,6.6111393,-5.526117,4.716727
39979,11:03:02.435 PM,3,6.7332435,-5.279514,4.7143326
39999,11:03:02.455 PM,3,6.821829,-5.574001,4.419846
40019,11:03:02.475 PM,3,6.910414,-5.5596356,4.575469
40039,11:03:02.495 PM,3,6.896049,-5.2483892,4.4150577
40059,11:03:02.515 PM,3,6.824223,-5.3441577,4.4342113
40080,11:03:02.536 PM,3,6.7308493,-5.267543,4.539556
40100,11:03:02.556 PM,3,6.785916,-5.315427,4.527585
40119,11:03:02.575 PM,3,6.7308493,-5.1765633,4.599411
40139,11:03:02.595 PM,3,6.644658,-5.303456,4.6401124
40159,11:03:02.615 PM,3,6.7188783,-5.3633113,4.4389997
40179,11:03:02.635 PM,3,6.6255045,-5.1933227,4.585046
40199,11:03:02.655 PM,3,6.7571855,-5.5189342,4.489278
40219,11:03:02.675 PM,3,6.716484,-5.444714,4.477307
40239,11:03:02.695 PM,3,6.8050694,-5.8253922,4.5563154
40259,11:03:02.715 PM,3,6.7595797,-5.669769,4.5443444
40280,11:03:02.736 PM,3,7.07322,-5.4590793,4.1780314
40299,11:03:02.755 PM,3,6.9391446,-5.696105,4.4150577
40319,11:03:02.775 PM,3,7.07322,-5.370494,4.1445127
40339,11:03:02.795 PM,3,6.922385,-5.18614,4.21155
40369,11:03:02.825 PM,3,7.382072,-6.1270614,4.053533
40389,11:03:02.845 PM,3,7.1618056,-5.758354,4.077475
40409,11:03:02.865 PM,3,7.415591,-5.858911,3.991284
40430,11:03:02.886 PM,3,7.417985,-5.945102,4.005649
40450,11:03:02.906 PM,3,7.666982,-6.1390324,4.1540895
40470,11:03:02.926 PM,3,7.537695,-6.182128,4.077475
40492,11:03:02.948 PM,3,7.444321,-6.0097456,4.3623853
40510,11:03:02.966 PM,3,7.4706573,-6.076783,4.357597
40530,11:03:02.986 PM,3,7.180959,-5.588366,4.5587096
40550,11:03:03.006 PM,3,7.334188,-5.8397574,4.247463
40570,11:03:03.026 PM,3,6.4483333,-4.6067433,4.84362
40589,11:03:03.045 PM,3,6.869713,-5.4351373,4.800524
40610,11:03:03.066 PM,3,5.756409,-3.9196074,5.44217
40629,11:03:03.085 PM,3,6.067655,-4.034529,4.8412256
40650,11:03:03.106 PM,3,5.375731,-4.149451,6.0909986
40669,11:03:03.125 PM,3,5.4188266,-4.1925464,5.81806
40689,11:03:03.145 PM,3,5.030966,-3.1247325,6.689549
40710,11:03:03.166 PM,3,5.035754,-3.28275,6.483648
40730,11:03:03.186 PM,3,5.011812,-3.593996,6.7613754
40750,11:03:03.206 PM,3,4.875343,-2.5573068,6.83799
40769,11:03:03.225 PM,3,4.887314,-2.085649,7.5035777
40789,11:03:03.245 PM,3,4.6670475,-3.000234,7.386262
40810,11:03:03.266 PM,3,4.604798,-1.8127099,7.776517
40830,11:03:03.286 PM,3,5.0261774,-2.2149358,7.7118735
40850,11:03:03.306 PM,3,4.281581,-2.38253,7.7693343
40870,11:03:03.326 PM,3,4.1906013,-1.9132664,7.278523
40890,11:03:03.346 PM,3,3.867384,-1.6738462,8.53069
40910,11:03:03.366 PM,3,4.085256,-2.2364836,8.36549
40930,11:03:03.386 PM,3,3.4579754,-1.5062522,7.716662
40950,11:03:03.406 PM,3,3.642329,-1.3602059,7.7262387
40970,11:03:03.426 PM,3,3.4483986,-1.6858172,8.027908
40989,11:03:03.445 PM,3,3.3526306,-1.5996261,7.7932763
41010,11:03:03.466 PM,3,3.5226188,-1.278803,7.7094793
41029,11:03:03.485 PM,3,3.546561,-1.8366519,8.1548
41050,11:03:03.506 PM,3,3.6614826,-2.004246,8.14283
41070,11:03:03.526 PM,3,3.5154362,-1.4607623,7.616105
41090,11:03:03.546 PM,3,3.807529,-1.8151041,7.5107603
41110,11:03:03.566 PM,3,3.915268,-1.8366519,8.059032
41130,11:03:03.586 PM,3,3.429245,-2.145504,7.1085343
41150,11:03:03.606 PM,3,3.5274074,-1.8270751,7.091775
41169,11:03:03.625 PM,3,3.4795232,-2.8422167,7.422175
41189,11:03:03.645 PM,3,3.3478422,-2.7488427,7.640047
41210,11:03:03.666 PM,3,3.7692215,-3.8094742,7.24261
41230,11:03:03.686 PM,3,3.5321958,-3.2923267,7.446117
41250,11:03:03.706 PM,3,4.1953897,-4.8246155,7.364714
41270,11:03:03.726 PM,3,3.8506246,-4.125509,7.2019086
41290,11:03:03.746 PM,3,4.413262,-5.5572414,6.399851
41310,11:03:03.766 PM,3,4.1714478,-5.1669865,7.1947255
41330,11:03:03.786 PM,3,4.767604,-6.5699887,4.891504
41349,11:03:03.805 PM,3,4.497059,-5.7870846,5.5163903
41370,11:03:03.826 PM,3,4.791546,-7.7215996,3.5435681
41389,11:03:03.845 PM,3,4.7412677,-7.328951,4.254646
41410,11:03:03.866 PM,3,4.767604,-8.51408,2.5044847
41434,11:03:03.890 PM,3,4.7723923,-7.879617,2.9689598
41459,11:03:03.915 PM,3,4.7149315,-9.31135,1.4414591
41479,11:03:03.935 PM,3,4.8083053,-9.253889,1.8819922
41499,11:03:03.955 PM,3,4.6119804,-8.636185,-0.3374328
41519,11:03:03.975 PM,3,4.487482,-8.729559,0.6633435
41539,11:03:03.995 PM,3,4.6335287,-10.027216,-0.7396587
41559,11:03:04.015 PM,3,4.8442183,-9.457396,-0.7875427
41579,11:03:04.035 PM,3,4.9208326,-9.423877,-1.5728409
41599,11:03:04.055 PM,3,4.621557,-9.811738,-1.290325
41619,11:03:04.075 PM,3,4.6526823,-8.928277,-1.8697219
41639,11:03:04.095 PM,3,4.6933837,-9.172486,-1.4603134
41660,11:03:04.116 PM,3,4.8130937,-8.722376,-2.7771244
41679,11:03:04.135 PM,3,4.71972,-8.499715,-3.0045736
41699,11:03:04.155 PM,3,5.083638,-8.183681,-3.1721675
41719,11:03:04.175 PM,3,4.8322473,-8.092701,-3.5983355
41739,11:03:04.195 PM,3,5.2488384,-7.762301,-4.0819645
41759,11:03:04.215 PM,3,5.1434937,-8.092701,-4.1897035
41780,11:03:04.236 PM,3,5.696554,-7.4342957,-4.0149264
41800,11:03:04.256 PM,3,5.433192,-7.6138606,-4.280683
41820,11:03:04.276 PM,3,5.5050178,-6.9602437,-5.1785088
41840,11:03:04.296 PM,3,5.5720553,-7.0608,-5.396381
41860,11:03:04.316 PM,3,5.667824,-6.7136407,-5.3077955
41880,11:03:04.336 PM,3,5.4547396,-6.9793973,-5.360468
41900,11:03:04.356 PM,3,5.5289598,-6.335357,-5.6381955
41919,11:03:04.375 PM,3,5.6390934,-6.428731,-5.360468
41940,11:03:04.396 PM,3,5.655853,-5.992986,-6.4115224
41959,11:03:04.415 PM,3,5.6989484,-5.767931,-6.289418
41979,11:03:04.435 PM,3,5.715708,-5.198111,-6.325331
42000,11:03:04.456 PM,3,5.610363,-5.56203,-6.4833484
42019,11:03:04.475 PM,3,5.555296,-4.020164,-6.394763
42040,11:03:04.496 PM,3,5.6151514,-4.817433,-6.5384154
42060,11:03:04.516 PM,3,5.718102,-4.103961,-7.069928
42080,11:03:04.536 PM,3,5.631911,-4.309862,-7.249493
42100,11:03:04.556 PM,3,5.5361423,-3.6562452,-7.4553943
42120,11:03:04.576 PM,3,5.742044,-3.5509005,-7.819313
42140,11:03:04.596 PM,3,5.5241714,-3.380912,-7.5104613
42160,11:03:04.616 PM,3,5.533748,-3.2683847,-7.354838
42180,11:03:04.636 PM,3,5.3230586,-2.9810803,-7.5751047
42200,11:03:04.656 PM,3,5.366154,-3.0289645,-7.529615
42220,11:03:04.676 PM,3,5.093215,-2.9140427,-7.54398
42240,11:03:04.696 PM,3,4.8705544,-2.8039095,-7.7762175
42259,11:03:04.715 PM,3,4.7412677,-2.7560253,-7.840861
42279,11:03:04.735 PM,3,4.8705544,-2.8039095,-7.7762175
42299,11:03:04.755 PM,3,4.4707227,-3.1271267,-7.819313
42319,11:03:04.775 PM,3,4.5305777,-3.000234,-7.9102926
42340,11:03:04.796 PM,3,4.7628155,-2.523788,-8.171261
42360,11:03:04.816 PM,3,4.5401545,-2.7775733,-7.9102926
42380,11:03:04.836 PM,3,5.16983,-2.4519618,-8.413075
42400,11:03:04.856 PM,3,4.911256,-2.394501,-8.154501
42420,11:03:04.876 PM,3,5.9168205,-2.0521302,-8.585458
42440,11:03:04.896 PM,3,5.4068556,-2.4208372,-8.674043
42460,11:03:04.916 PM,3,6.419603,-1.8893244,-8.223933
42480,11:03:04.936 PM,3,6.2735567,-1.872565,-8.410681
42500,11:03:04.956 PM,3,5.816264,-1.9611504,-8.336461
42520,11:03:04.976 PM,3,6.192154,-1.7480665,-8.101829
42540,11:03:04.996 PM,3,5.1003976,-2.1550808,-8.2933655
42560,11:03:05.016 PM,3,5.5169888,-2.0210054,-8.496872
42580,11:03:05.036 PM,3,4.401291,-2.241272,-8.48969
42600,11:03:05.056 PM,3,4.7364793,-2.2436662,-8.496872
42620,11:03:05.076 PM,3,4.1044097,-2.3849242,-8.446594
42640,11:03:05.096 PM,3,4.0804677,-2.3561938,-8.645312
42660,11:03:05.116 PM,3,4.521001,-2.2197242,-8.695591
42680,11:03:05.136 PM,3,4.377349,-2.3083098,-8.633342
42700,11:03:05.156 PM,3,5.021389,-1.9946693,-8.396316
42720,11:03:05.176 PM,3,4.7963343,-2.073678,-8.403499
42740,11:03:05.196 PM,3,5.459528,-1.8677766,-8.226327
42760,11:03:05.216 PM,3,5.303905,-1.9372084,-8.056339
42780,11:03:05.236 PM,3,5.4188266,-1.9156606,-8.123377
42800,11:03:05.256 PM,3,5.485864,-1.9012954,-8.09704
42820,11:03:05.276 PM,3,5.449951,-2.1550808,-8.209568
42840,11:03:05.296 PM,3,5.449951,-1.9012954,-8.09704
42860,11:03:05.316 PM,3,5.145888,-2.1263504,-8.350826
42880,11:03:05.336 PM,3,5.270386,-2.133533,-8.358008
42900,11:03:05.356 PM,3,5.069273,-2.2005706,-8.590246
42920,11:03:05.376 PM,3,4.997447,-2.1670518,-8.535179
42940,11:03:05.396 PM,3,4.975899,-2.0928316,-8.573486
42960,11:03:05.416 PM,3,5.035754,-2.21733,-8.549544
42980,11:03:05.436 PM,3,5.045331,-2.2819736,-8.554333
43000,11:03:05.456 PM,3,4.939986,-2.2005706,-8.700379
43020,11:03:05.476 PM,3,5.1123686,-2.2340894,-8.391527
43040,11:03:05.496 PM,3,5.1267343,-2.2963388,-8.408287
43060,11:03:05.516 PM,3,5.2991166,-2.4040778,-8.556727
43079,11:03:05.535 PM,3,5.121946,-2.3657706,-8.310124
43100,11:03:05.556 PM,3,5.775563,-2.4639328,-8.178443
43120,11:03:05.576 PM,3,5.5409307,-2.5333648,-8.578275
43140,11:03:05.596 PM,3,5.631911,-2.8063037,-8.348432
43159,11:03:05.615 PM,3,5.8426003,-2.7488427,-7.939023
43179,11:03:05.635 PM,3,5.703737,-2.6027966,-8.255058
43200,11:03:05.656 PM,3,5.5505075,-2.8733413,-8.307731
43219,11:03:05.675 PM,3,5.7611976,-3.6394858,-7.541586
43240,11:03:05.696 PM,3,5.73965,-3.1271267,-7.855226
43260,11:03:05.716 PM,3,5.495441,-3.8741176,-7.5272207
43279,11:03:05.735 PM,3,5.6079683,-3.7065234,-7.745093
43300,11:03:05.756 PM,3,5.411644,-4.139874,-6.727557
43319,11:03:05.775 PM,3,5.5122004,-3.890877,-7.1465425
43339,11:03:05.795 PM,3,5.0405426,-4.862923,-6.746711
43359,11:03:05.815 PM,3,5.1291285,-4.42239,-6.8520555
43379,11:03:05.835 PM,3,4.8466125,-5.4279547,-5.7219925
43400,11:03:05.856 PM,3,4.947169,-5.6075196,-5.8417025
43420,11:03:05.876 PM,3,5.066879,-6.344934,-5.2814593
43440,11:03:05.896 PM,3,4.9567456,-6.014534,-5.5879173
43460,11:03:05.916 PM,3,5.1770124,-7.367258,-5.4179287
43481,11:03:05.937 PM,3,5.07885,-6.9363017,-5.4251113
43500,11:03:05.956 PM,3,4.9304094,-7.805397,-4.556016
43519,11:03:05.975 PM,3,5.133917,-7.712023,-5.0109143
43539,11:03:05.995 PM,3,4.571279,-8.221988,-3.2870893
43559,11:03:06.015 PM,3,4.7628155,-8.011298,-3.866486
43580,11:03:06.036 PM,3,4.4348097,-8.552388,-1.9319712
