0,11:03:01.457 PM,3,5.057302,-2.796727,7.8890443
19,11:03:01.476 PM,3,4.8130937,-2.4519618,7.9776297
39,11:03:01.496 PM,3,5.030966,-2.6291327,7.9393225
59,11:03:01.516 PM,3,4.7628155,-2.4615386,8.21705
79,11:03:01.536 PM,3,4.743662,-2.4375966,8.05185
100,11:03:01.557 PM,3,4.521001,-2.1239562,8.037485
119,11:03:01.576 PM,3,4.6550765,-2.298733,8.102128
139,11:03:01.596 PM,3,4.5066357,-2.073678,8.147618
159,11:03:01.616 PM,3,4.473117,-2.1383214,8.159589
179,11:03:01.636 PM,3,4.3869257,-1.6642694,8.03509
199,11:03:01.656 PM,3,4.317494,-1.896507,8.183531
219,11:03:01.676 PM,3,4.3581953,-1.5685014,8.05185
239,11:03:01.696 PM,3,4.367772,-1.6499043,7.9608703
259,11:03:01.716 PM,3,4.353407,-1.5445594,8.14283
279,11:03:01.736 PM,3,4.365378,-1.6044145,8.145224
299,11:03:01.756 PM,3,4.473117,-1.4655507,8.1140995
319,11:03:01.776 PM,3,4.3605895,-1.4320319,8.147618
339,11:03:01.796 PM,3,4.6095862,-1.5421652,8.255357
359,11:03:01.816 PM,3,4.592827,-1.6642694,8.159589
379,11:03:01.836 PM,3,4.58325,-1.6211739,8.492383
399,11:03:01.856 PM,3,4.604798,-1.4751276,8.284087
419,11:03:01.876 PM,3,4.621557,-1.6522985,8.360702
439,11:03:01.896 PM,3,4.616769,-1.5900491,8.320001
459,11:03:01.916 PM,3,4.511424,-1.7552491,8.475624
479,11:03:01.936 PM,3,4.5736732,-1.707365,8.348731
499,11:03:01.956 PM,3,4.5736732,-1.944391,8.698284
519,11:03:01.976 PM,3,4.58325,-1.9731215,8.652795
539,11:03:01.996 PM,3,4.722114,-1.908478,8.806024
559,11:03:02.016 PM,3,4.595221,-1.848623,8.700679
579,11:03:02.036 PM,3,4.6000094,-1.7432781,8.743774
599,11:03:02.056 PM,3,4.6790185,-1.8055273,8.827571
619,11:03:02.076 PM,3,4.4084735,-1.4751276,8.592939
639,11:03:02.096 PM,3,4.5281835,-1.575684,8.698284
659,11:03:02.116 PM,3,4.025401,-1.5278,8.473229
679,11:03:02.136 PM,3,4.260033,-1.5972319,8.597728
699,11:03:02.156 PM,3,3.7045782,-1.5924433,8.389432
719,11:03:02.176 PM,3,3.8338652,-1.4823102,8.334366
739,11:03:02.196 PM,3,3.5393784,-1.4775218,8.363096
759,11:03:02.216 PM,3,3.6327522,-1.5493478,8.535479
779,11:03:02.236 PM,3,3.4029088,-1.4033015,8.399009
799,11:03:02.256 PM,3,3.3741784,-1.2644378,8.236203
819,11:03:02.276 PM,3,3.417274,-1.4463971,8.561815
839,11:03:02.296 PM,3,3.4555812,-1.551742,8.557027
859,11:03:02.316 PM,3,3.3669958,-1.4033015,8.442105
879,11:03:02.336 PM,3,3.405303,-1.3985131,8.50196
899,11:03:02.356 PM,3,3.1994016,-1.2620436,8.013543
919,11:03:02.376 PM,3,3.5992334,-1.2165537,7.338378
939,11:03:02.396 PM,3,3.5489552,-1.8749592,8.568997
959,11:03:02.416 PM,3,3.702184,-1.4751276,7.991995
979,11:03:02.436 PM,3,3.5154362,-1.4176667,8.987983
999,11:03:02.456 PM,3,3.4795232,-1.6092029,8.743774
1019,11:03:02.476 PM,3,3.3191118,-1.683423,8.99756
1039,11:03:02.496 PM,3,3.4867058,-1.5996261,8.944887
1059,11:03:02.516 PM,3,3.333477,-1.6690578,8.932917
1079,11:03:02.536 PM,3,3.2496798,-1.7049708,8.992771
1099,11:03:02.556 PM,3,3.2113726,-1.3338696,8.774899
1119,11:03:02.576 PM,3,3.2185552,-1.5182232,8.78687
1139,11:03:02.596 PM,3,3.1754596,-1.3075334,8.659977
1159,11:03:02.616 PM,3,3.1850364,-1.4631565,8.648006
1179,11:03:02.636 PM,3,3.2137668,-1.5565304,8.8946085
1199,11:03:02.656 PM,3,3.3191118,-1.3099276,8.69589
1219,11:03:02.676 PM,3,3.1778538,-1.6283565,8.942493
1239,11:03:02.696 PM,3,3.2209494,-1.5708956,8.987983
1259,11:03:02.716 PM,3,3.0677207,-1.6163855,9.023896
1279,11:03:02.736 PM,3,3.0677207,-1.5780782,8.8946085
1299,11:03:02.756 PM,3,3.1251814,-1.7648259,8.913762
1319,11:03:02.776 PM,3,3.0318074,-1.752855,9.016713
1339,11:03:02.796 PM,3,3.015048,-1.7145476,8.78687
1359,11:03:02.816 PM,3,2.9695582,-1.7839795,8.937705
1379,11:03:02.836 PM,3,2.9504046,-1.8917186,9.004743
1399,11:03:02.856 PM,3,3.0318074,-1.8007389,8.832359
1419,11:03:02.876 PM,3,2.9575872,-1.7696143,8.868273
1439,11:03:02.896 PM,3,3.1108162,-1.9731215,8.760533
1469,11:03:02.926 PM,3,2.9887118,-2.4687212,9.035867
1489,11:03:02.946 PM,3,3.0677207,-1.7863737,8.750957
1509,11:03:02.966 PM,3,2.9049149,-2.061707,9.138818
1529,11:03:02.986 PM,3,2.9575872,-1.4751276,9.2130375
1549,11:03:03.006 PM,3,3.405303,-1.7672201,8.691102
1569,11:03:03.026 PM,3,3.0437787,-1.9467852,8.887426
1589,11:03:03.046 PM,3,3.0988452,-1.896507,9.198672
1609,11:03:03.066 PM,3,2.9025207,-1.9300258,9.201067
1629,11:03:03.086 PM,3,2.9623756,-1.5708956,8.851513
1649,11:03:03.106 PM,3,2.8977323,-1.7025766,9.136423
1669,11:03:03.126 PM,3,2.9025207,-1.6044145,8.873061
1689,11:03:03.146 PM,3,2.8306947,-1.6044145,8.873061
1709,11:03:03.166 PM,3,2.9527988,-1.3554175,9.031078
1729,11:03:03.186 PM,3,2.8546367,-1.587655,9.100511
1749,11:03:03.206 PM,3,2.9695582,-1.24289,8.858696
1769,11:03:03.226 PM,3,2.9647698,-1.1231799,8.808417
1789,11:03:03.246 PM,3,2.9360394,-1.1806407,8.916157
1809,11:03:03.266 PM,3,2.967164,-1.1806407,8.95207
1829,11:03:03.286 PM,3,3.0389903,-1.1040263,8.942493
1849,11:03:03.306 PM,3,2.9863176,-1.089661,8.999954
1869,11:03:03.326 PM,3,2.991106,-1.1183915,8.853908
1889,11:03:03.346 PM,3,3.0054712,-1.1423335,8.892215
1909,11:03:03.366 PM,3,3.0940568,-1.266832,9.076569
1929,11:03:03.386 PM,3,2.991106,-1.1399393,8.92334
1949,11:03:03.406 PM,3,3.7979522,-1.3649943,8.540267
1969,11:03:03.426 PM,3,3.0940568,-1.2213421,8.968829
1999,11:03:03.456 PM,3,2.8402715,-0.6419453,8.892215
16099,11:03:17.556 PM,3,2.8857613,-1.3697827,8.968829
16119,11:03:17.576 PM,3,2.2632687,0.2534861,9.220221
16139,11:03:17.596 PM,3,2.8857613,-1.3697827,8.968829
16159,11:03:17.616 PM,3,2.2632687,0.2534861,9.220221
16180,11:03:17.637 PM,3,2.8857613,-1.3697827,8.968829
16199,11:03:17.656 PM,3,2.2632687,0.2534861,9.220221
16219,11:03:17.676 PM,3,2.8857613,-1.3697827,8.968829
16239,11:03:17.696 PM,3,2.2632687,0.2534861,9.220221
16259,11:03:17.716 PM,3,2.8857613,-1.3697827,8.968829
16279,11:03:17.736 PM,3,2.2632687,0.2534861,9.220221
16299,11:03:17.756 PM,3,2.8857613,-1.3697827,8.968829
16319,11:03:17.776 PM,3,2.2632687,0.2534861,9.220221
16339,11:03:17.796 PM,3,2.8857613,-1.3697827,8.968829
16359,11:03:17.816 PM,3,2.2632687,0.2534861,9.220221
16379,11:03:17.836 PM,3,2.2632687,0.2534861,9.220221
16399,11:03:17.856 PM,3,2.2824223,0.51205987,9.38542
16432,11:03:17.889 PM,3,2.3614311,0.6533178,9.323171
16449,11:03:17.906 PM,3,2.4141035,0.691625,9.3112
16469,11:03:17.926 PM,3,2.385373,0.70838445,9.335142
16489,11:03:17.946 PM,3,2.359037,0.7012018,9.248951
16509,11:03:17.966 PM,3,2.385373,0.70838445,9.335142
16529,11:03:17.986 PM,3,2.3327007,0.679654,9.210644
16549,11:03:18.006 PM,3,2.3279123,0.74669164,9.150788
16569,11:03:18.026 PM,3,2.2728455,0.6988076,9.059809
16589,11:03:18.046 PM,3,2.335095,0.71556705,9.066992
16609,11:03:18.066 PM,3,2.217779,0.6988076,9.069386
16630,11:03:18.087 PM,3,2.2465093,0.6605004,9.177125
16649,11:03:18.106 PM,3,2.1531355,0.71796125,9.131635
16669,11:03:18.126 PM,3,2.2082021,0.6605004,9.177125
16691,11:03:18.148 PM,3,2.232144,0.7730279,9.1651535
16709,11:03:18.166 PM,3,2.1627123,0.7802105,9.095722
16729,11:03:18.186 PM,3,2.232144,0.71796125,9.368661
16749,11:03:18.206 PM,3,2.2201731,0.74429744,9.246556
16769,11:03:18.226 PM,3,2.3494601,0.5647323,9.526678
16789,11:03:18.246 PM,3,2.3135471,0.6772598,9.43091
16809,11:03:18.266 PM,3,2.3781905,0.84485394,9.40218
16829,11:03:18.286 PM,3,2.3638253,0.76345104,9.438093
16849,11:03:18.306 PM,3,2.3925557,0.8017583,9.327959
16869,11:03:18.326 PM,3,2.373402,0.83767134,9.3878145
16889,11:03:18.346 PM,3,2.3183355,0.85203654,9.284863
16909,11:03:18.366 PM,3,2.3422775,0.7849989,9.339931
16929,11:03:18.386 PM,3,2.421286,0.7849989,9.143606
16949,11:03:18.406 PM,3,2.3901615,0.892738,9.193884
16969,11:03:18.426 PM,3,2.4883237,0.8113351,8.825177
16989,11:03:18.446 PM,3,2.4739585,0.7778163,9.021502
17009,11:03:18.466 PM,3,2.7349265,0.7993641,8.38225
17029,11:03:18.486 PM,3,2.6391585,0.8257003,8.683919
17049,11:03:18.506 PM,3,2.8498483,0.7754221,7.9728413
17069,11:03:18.526 PM,3,2.7684453,0.6724714,8.164377
17099,11:03:18.556 PM,3,3.1132104,0.8089409,7.0750155
17119,11:03:18.576 PM,3,3.3885436,0.49290627,7.010372
17140,11:03:18.597 PM,3,3.5561378,0.5599439,6.830807
17159,11:03:18.616 PM,3,3.8338652,-0.103249945,7.3431664
17179,11:03:18.636 PM,3,4.379743,-1.0681132,7.494001
17199,11:03:18.656 PM,3,4.4108677,-0.084096335,7.1492357
17219,11:03:18.676 PM,3,4.3988967,0.097862996,7.115717
17239,11:03:18.696 PM,3,4.4826937,-0.7401076,7.731027
17259,11:03:18.716 PM,3,4.3486185,-0.6395511,8.030302
17279,11:03:18.736 PM,3,4.2672157,-0.9172785,9.002348
17299,11:03:18.756 PM,3,4.22412,-1.671452,9.727791
17319,11:03:18.776 PM,3,3.8961143,-1.005864,9.612869
17339,11:03:18.796 PM,3,3.963152,-1.1136031,9.07178
17359,11:03:18.816 PM,3,3.5178304,-1.065719,9.275287
17379,11:03:18.836 PM,3,3.4388218,-1.2357074,9.632023
17399,11:03:18.856 PM,3,3.2784102,-1.6762404,9.313594
17419,11:03:18.876 PM,3,3.2065842,-1.5996261,9.02629
17439,11:03:18.896 PM,3,3.6088102,-1.3985131,9.064597
17459,11:03:18.916 PM,3,4.1451116,-1.5924433,9.663148
17479,11:03:18.936 PM,3,4.4922705,-2.145504,9.904963
17499,11:03:18.956 PM,3,4.535366,-1.491887,8.987983
17519,11:03:18.976 PM,3,4.4228387,-1.4559739,8.296059
17539,11:03:18.996 PM,3,4.6454997,-1.5325884,9.404573
17559,11:03:19.016 PM,3,5.030966,-1.338658,9.4596405
17579,11:03:19.036 PM,3,5.0285716,-1.4847044,8.844331
17599,11:03:19.056 PM,3,4.779575,-1.2213421,8.193108
17619,11:03:19.076 PM,3,4.6574707,-1.029806,7.7573633
17639,11:03:19.096 PM,3,4.6143746,-1.0202292,7.5107603
17659,11:03:19.116 PM,3,4.7723923,-1.0345944,7.5490675
17679,11:03:19.136 PM,3,5.145888,-1.4655507,8.044667
17699,11:03:19.156 PM,3,5.1554646,-1.2357074,7.2378216
17719,11:03:19.176 PM,3,4.911256,-1.3602059,7.0510736
17739,11:03:19.196 PM,3,4.6550765,-1.3697827,7.5490675
17759,11:03:19.216 PM,3,4.4180503,-1.3697827,8.003966
17779,11:03:19.236 PM,3,4.4563575,-1.5325884,8.200291
17799,11:03:19.256 PM,3,4.6335287,-1.4176667,8.387038
17819,11:03:19.276 PM,3,4.8681602,-1.4823102,8.482806
17839,11:03:19.296 PM,3,5.2392616,-1.3482348,8.437317
17861,11:03:19.318 PM,3,5.3230586,-1.3362638,8.69589
17879,11:03:19.336 PM,3,5.270386,-1.1207857,8.827571
17899,11:03:19.356 PM,3,5.5768437,-1.5732898,9.335142
17919,11:03:19.376 PM,3,5.763592,-1.728913,9.124453
17940,11:03:19.397 PM,3,5.660641,-1.707365,8.554632
17959,11:03:19.416 PM,3,5.40925,-1.956362,8.178742
17979,11:03:19.436 PM,3,5.399673,-2.265214,8.999954
17999,11:03:19.456 PM,3,6.0101943,-1.8773534,9.258528
18020,11:03:19.477 PM,3,6.065261,-0.2971803,8.214656
18039,11:03:19.496 PM,3,6.0269537,-0.19183542,8.418162
18059,11:03:19.516 PM,3,4.963928,-1.07769,7.7238445
18079,11:03:19.536 PM,3,4.212149,-1.6858172,8.535479
18099,11:03:19.556 PM,3,4.0517373,-1.4128783,9.033473
18119,11:03:19.576 PM,3,3.750068,-1.8270751,8.899397
18139,11:03:19.596 PM,3,3.072509,-1.4727334,8.901792
18159,11:03:19.616 PM,3,3.2377088,-1.041777,9.114876
18179,11:03:19.636 PM,3,3.3071408,-0.9531916,9.246556
18199,11:03:19.656 PM,3,3.156306,-0.37858313,9.208249
18219,11:03:19.676 PM,3,3.3262944,-0.65152216,9.433305
18239,11:03:19.696 PM,3,3.2305262,-0.79038584,9.4764
18259,11:03:19.716 PM,3,3.4747348,-0.69940615,9.569774
18279,11:03:19.736 PM,3,3.5752914,-0.67546415,9.749339
18299,11:03:19.756 PM,3,3.6686652,-1.053748,9.811588
18319,11:03:19.776 PM,3,3.8242884,-0.7113772,9.758916
18339,11:03:19.796 PM,3,3.726126,-0.77362645,9.421333
18359,11:03:19.816 PM,3,3.7213376,-0.55575407,9.2130375
18379,11:03:19.836 PM,3,3.6638768,-0.54857147,9.232191
18399,11:03:19.856 PM,3,3.4867058,-0.7305308,9.198672
18419,11:03:19.876 PM,3,3.5154362,-0.4695628,8.8467245
18439,11:03:19.896 PM,3,3.3526306,-0.6012439,8.6504
18459,11:03:19.916 PM,3,3.5800798,-0.50787,8.75814
18479,11:03:19.936 PM,3,3.5202246,-0.43604398,8.705467
18499,11:03:19.956 PM,3,3.4483986,-0.6156091,8.865878
18519,11:03:19.976 PM,3,3.5154362,-0.4647744,8.808417
18539,11:03:19.996 PM,3,3.5489552,-0.4623802,8.925734
18559,11:03:20.016 PM,3,3.4364276,-0.36182374,8.942493
18579,11:03:20.036 PM,3,3.4675522,-0.3402759,8.973618
18599,11:03:20.056 PM,3,3.321506,-0.23732524,8.99756
18619,11:03:20.076 PM,3,3.2736218,-0.27802667,8.837148
18639,11:03:20.096 PM,3,3.2568624,-0.27802667,8.966435
18659,11:03:20.116 PM,3,3.3358712,-0.12719196,8.944887
18679,11:03:20.136 PM,3,3.3191118,-0.1846528,8.956859
18699,11:03:20.156 PM,3,3.36939,-0.19183542,9.038261
18719,11:03:20.176 PM,3,3.4220624,-0.11522096,8.940099
18739,11:03:20.196 PM,3,3.4555812,-0.15352818,9.050232
18759,11:03:20.216 PM,3,3.7213376,-0.14873978,9.05502
18779,11:03:20.236 PM,3,3.6519058,-0.019452889,9.064597
18799,11:03:20.256 PM,3,3.5872624,0.026036944,9.112481
18819,11:03:20.276 PM,3,3.8578072,0.27024552,8.904185
18839,11:03:20.296 PM,3,4.1139865,0.6868366,8.973618
18859,11:03:20.316 PM,3,4.535366,1.6924013,8.885032
18879,11:03:20.336 PM,3,4.755633,1.8911201,8.566604
18899,11:03:20.356 PM,3,4.50903,2.0658967,8.21705
18919,11:03:20.376 PM,3,4.379743,1.5152304,8.497171
18939,11:03:20.396 PM,3,4.365378,0.38037878,8.885032
18959,11:03:20.416 PM,3,3.8290768,-0.9388263,8.86109
18979,11:03:20.436 PM,3,3.3071408,-2.4447792,9.143606
18999,11:03:20.456 PM,3,3.1587002,-2.6339211,9.124453
19019,11:03:20.476 PM,3,2.7253497,-3.771167,9.500342
19039,11:03:20.496 PM,3,1.7580923,-4.1231146,9.751733
19059,11:03:20.516 PM,3,1.6024691,-4.685752,9.457247
19080,11:03:20.537 PM,3,1.0494086,-4.958691,9.988759
19099,11:03:20.556 PM,3,1.185878,-4.7049055,9.940875
19119,11:03:20.576 PM,3,1.3678373,-3.7304654,9.852289
19139,11:03:20.596 PM,3,1.6647184,-2.5142112,9.454852
19159,11:03:20.616 PM,3,2.1172225,-1.5182232,9.066992
19179,11:03:20.636 PM,3,2.655918,-0.9436147,9.332747
19199,11:03:20.656 PM,3,3.3047466,0.17687166,9.8259535
19219,11:03:20.676 PM,3,3.5226188,0.72753805,9.514708
19240,11:03:20.697 PM,3,3.714155,1.6253637,8.995166
19259,11:03:20.716 PM,3,3.831471,3.006818,8.0662155
19279,11:03:20.736 PM,3,4.037372,2.9038675,7.7477865
19299,11:03:20.756 PM,3,4.164265,2.3196821,8.41098
19319,11:03:20.776 PM,3,4.7652097,1.6876129,8.937705
19339,11:03:20.796 PM,3,4.928015,1.6133927,8.353519
19359,11:03:20.816 PM,3,5.018995,1.5248072,8.109311
19379,11:03:20.836 PM,3,5.40925,2.0371664,8.399009
19399,11:03:20.856 PM,3,5.3350296,1.2422915,8.863484
19419,11:03:20.876 PM,3,4.4659343,0.72993225,8.533085
19439,11:03:20.896 PM,3,4.4659343,0.72993225,8.533085
19459,11:03:20.916 PM,3,4.50903,0.72753805,8.269722
19479,11:03:20.936 PM,3,4.001459,-0.24690205,8.662372
19499,11:03:20.956 PM,3,3.8961143,0.11462241,8.29127
19519,11:03:20.976 PM,3,3.8961143,0.11462241,8.29127
19539,11:03:20.996 PM,3,3.6926072,0.14095862,8.300847
19559,11:03:21.016 PM,3,3.6327522,-0.09606735,8.767716
19579,11:03:21.036 PM,3,3.5202246,-0.20859483,8.980801
19599,11:03:21.056 PM,3,3.5202246,-0.20859483,8.980801
19619,11:03:21.076 PM,3,3.3957262,-0.08888474,9.062203
19639,11:03:21.096 PM,3,3.4100914,-0.005087679,9.1890955
19659,11:03:21.116 PM,3,3.4124856,-0.12000936,9.270498
19679,11:03:21.136 PM,3,3.4124856,-0.12000936,9.270498
19699,11:03:21.156 PM,3,3.3071408,-0.084096335,9.062203
19719,11:03:21.176 PM,3,3.465158,-0.04818331,9.256133
19739,11:03:21.196 PM,3,3.381361,0.018854339,9.251345
19759,11:03:21.216 PM,3,3.381361,0.018854339,9.251345
19779,11:03:21.236 PM,3,3.345448,0.097862996,9.090934
19799,11:03:21.256 PM,3,3.4938884,0.12419921,9.215432
19820,11:03:21.277 PM,3,3.5657146,0.33010057,9.148395
19839,11:03:21.296 PM,3,3.5657146,0.33010057,9.148395
19859,11:03:21.316 PM,3,3.4938884,0.31573534,9.045444
19879,11:03:21.336 PM,3,3.6279638,0.5431845,9.004743
19899,11:03:21.356 PM,3,3.726126,0.8137293,8.937705
19919,11:03:21.376 PM,3,3.726126,0.8137293,8.937705
19939,11:03:21.396 PM,3,3.8290768,0.8209119,8.808417
19959,11:03:21.416 PM,3,3.8841434,1.2446856,8.408586
19979,11:03:21.436 PM,3,4.0277953,1.5894506,8.413374
19999,11:03:21.456 PM,3,4.0277953,1.5894506,8.413374
20019,11:03:21.476 PM,3,4.0086417,1.9198505,8.370278
20039,11:03:21.496 PM,3,4.4467807,2.1257517,9.1651535
20059,11:03:21.516 PM,3,5.0980034,1.8384476,9.29444
20079,11:03:21.536 PM,3,5.0980034,1.8384476,9.29444
20099,11:03:21.556 PM,3,5.181801,0.18166006,9.299229
20119,11:03:21.576 PM,3,5.397279,-0.68504095,9.41894
20139,11:03:21.596 PM,3,5.1434937,-2.7177181,9.529073
20159,11:03:21.616 PM,3,5.1434937,-2.7177181,9.529073
20179,11:03:21.636 PM,3,3.6088102,-2.3633764,8.542662
20199,11:03:21.656 PM,3,2.3757963,-2.4447792,8.341548
20219,11:03:21.676 PM,3,1.94484,-3.7544076,9.775675
20239,11:03:21.696 PM,3,1.94484,-3.7544076,9.775675
20259,11:03:21.716 PM,3,1.5617677,-2.918831,10.45084
20279,11:03:21.736 PM,3,0.912939,-2.0952258,9.711032
20299,11:03:21.756 PM,3,0.5753566,-1.7480665,8.521113
20319,11:03:21.776 PM,3,0.5753566,-1.7480665,8.521113
20339,11:03:21.796 PM,3,0.92491007,-0.43125558,8.604911
20359,11:03:21.816 PM,3,1.5330373,0.4019266,9.081357
20379,11:03:21.836 PM,3,1.7820343,1.6253637,8.200291
20399,11:03:21.856 PM,3,1.7820343,1.6253637,8.200291
20419,11:03:21.876 PM,3,2.1914427,2.0108302,8.0422735
20439,11:03:21.896 PM,3,3.6112044,2.6309283,8.892215
20460,11:03:21.917 PM,3,3.891326,2.733879,9.081357
20479,11:03:21.936 PM,3,3.891326,2.733879,9.081357
20499,11:03:21.956 PM,3,4.248062,2.257433,9.064597
20519,11:03:21.976 PM,3,4.8011227,2.104204,9.696667
20540,11:03:21.997 PM,3,4.556914,1.7977462,9.244163
20559,11:03:22.016 PM,3,4.556914,1.7977462,9.244163
20579,11:03:22.036 PM,3,4.3007345,1.735497,8.679131
20599,11:03:22.056 PM,3,4.7747865,2.4130561,8.657583
20619,11:03:22.076 PM,3,4.3965025,2.4992473,8.743774
20639,11:03:22.096 PM,3,4.3965025,2.4992473,8.743774
20659,11:03:22.116 PM,3,3.795558,1.5942391,8.691102
20679,11:03:22.136 PM,3,3.429245,0.6628946,8.375067
20699,11:03:22.156 PM,3,3.5178304,0.4115034,8.434922
20719,11:03:22.176 PM,3,3.5178304,0.4115034,8.434922
20739,11:03:22.196 PM,3,3.5369842,0.72274965,8.717438
20759,11:03:22.216 PM,3,3.558532,0.5790975,8.676737
20779,11:03:22.236 PM,3,3.53459,0.73711485,8.734198
20799,11:03:22.256 PM,3,3.53459,0.73711485,8.734198
20819,11:03:22.276 PM,3,3.6255696,0.8879495,8.820389
20839,11:03:22.296 PM,3,3.6926072,0.9454104,8.784475
20859,11:03:22.316 PM,3,3.6159928,0.82809454,8.803629
20879,11:03:22.336 PM,3,3.6159928,0.82809454,8.803629
20899,11:03:22.356 PM,3,3.678242,1.0363901,8.995166
20919,11:03:22.376 PM,3,3.606416,0.9454104,8.8706665
20939,11:03:22.396 PM,3,3.5561378,0.9909002,8.964041
20959,11:03:22.416 PM,3,3.5561378,0.9909002,8.964041
20979,11:03:22.436 PM,3,3.6159928,0.8879495,8.908974
20999,11:03:22.456 PM,3,3.5369842,0.964564,8.868273
21019,11:03:22.476 PM,3,3.5250132,1.1010334,8.724621
21039,11:03:22.496 PM,3,3.5250132,1.1010334,8.724621
21059,11:03:22.516 PM,3,3.5369842,1.0004771,8.849119
21079,11:03:22.536 PM,3,3.4843116,1.084274,8.813206
21099,11:03:22.556 PM,3,3.5561378,1.1225814,8.839542
21119,11:03:22.576 PM,3,3.5561378,1.1225814,8.839542
21139,11:03:22.596 PM,3,3.5800798,1.1369466,8.86109
21159,11:03:22.616 PM,3,3.6973956,1.1465234,8.942493
21179,11:03:22.636 PM,3,3.6973956,1.2710218,8.925734
21199,11:03:22.656 PM,3,3.6973956,1.2710218,8.925734
21219,11:03:22.676 PM,3,3.7357028,1.2518682,8.968829
21239,11:03:22.696 PM,3,3.6806362,1.2829928,8.612093
21259,11:03:22.716 PM,3,3.7285202,1.1944073,8.652795
21279,11:03:22.736 PM,3,3.7859812,1.2327147,8.765322
21299,11:03:22.756 PM,3,3.7787986,1.3069348,8.724621
21319,11:03:22.776 PM,3,3.7093666,1.3476362,8.604911
21339,11:03:22.796 PM,3,3.7069724,1.3620015,8.399009
21359,11:03:22.816 PM,3,3.8171058,1.3165116,8.525902
21379,11:03:22.836 PM,3,3.8625956,1.3284826,8.671948
21399,11:03:22.856 PM,3,3.8482304,1.4098855,8.734198
21419,11:03:22.876 PM,3,3.8386536,1.3404536,8.640823
21439,11:03:22.896 PM,3,3.8745666,1.498471,8.590546
21459,11:03:22.916 PM,3,3.8602014,1.3500305,8.693496
21479,11:03:22.936 PM,3,3.879355,1.3715783,8.66716
21499,11:03:22.956 PM,3,3.9080853,1.4074913,8.57618
21521,11:03:22.978 PM,3,3.9368157,1.4769232,8.700679
21539,11:03:22.996 PM,3,3.903297,1.4817116,8.580969
21559,11:03:23.016 PM,3,3.8889318,1.5008652,8.612093
21579,11:03:23.036 PM,3,3.9009027,1.5415666,8.54745
21599,11:03:23.056 PM,3,3.927239,1.5846622,8.614488
21619,11:03:23.076 PM,3,3.8649898,1.6038159,8.54745
21639,11:03:23.096 PM,3,3.9056911,1.723526,8.482806
21659,11:03:23.116 PM,3,3.9583635,1.8121114,8.676737
21680,11:03:23.137 PM,3,4.121169,1.8288708,8.626458
21699,11:03:23.156 PM,3,4.085256,2.1425111,8.571392
21719,11:03:23.176 PM,3,4.1020155,2.355595,8.590546
21739,11:03:23.196 PM,3,4.121169,2.4657285,8.57618
21759,11:03:23.216 PM,3,4.106804,2.3244705,8.533085
21779,11:03:23.236 PM,3,4.161871,2.3843255,8.703073
21799,11:03:23.256 PM,3,4.185813,2.5255835,8.564209
21820,11:03:23.277 PM,3,4.106804,2.614169,8.355913
21839,11:03:23.296 PM,3,4.121169,2.8152819,8.12607
21859,11:03:23.316 PM,3,4.3462243,2.6405053,8.367885
21879,11:03:23.336 PM,3,5.217714,1.8408419,9.045444
21899,11:03:23.356 PM,3,5.643882,1.8288708,9.205855
21919,11:03:23.376 PM,3,6.1299047,1.072303,9.969605
21939,11:03:23.396 PM,3,5.959916,1.1321582,9.842712
21959,11:03:23.416 PM,3,5.816264,0.4043208,9.409363
21980,11:03:23.437 PM,3,5.7851396,-0.41449618,8.887426
21999,11:03:23.456 PM,3,5.193772,0.14814124,8.466047
22019,11:03:23.476 PM,3,4.827459,0.023642741,7.695114
22039,11:03:23.496 PM,3,4.71972,-1.0633248,8.296059
22059,11:03:23.516 PM,3,4.3486185,-0.055365913,8.415769
22079,11:03:23.536 PM,3,3.1227872,-0.5102642,8.86109
22099,11:03:23.556 PM,3,2.682254,-0.8334815,9.347113
22119,11:03:23.576 PM,3,2.3901615,-0.6180033,9.337536
22139,11:03:23.596 PM,3,1.920898,-0.9388263,9.126846
22159,11:03:23.616 PM,3,1.1547534,-0.2947861,9.620052
22180,11:03:23.637 PM,3,0.95842886,-0.42886138,9.895385
22199,11:03:23.656 PM,3,1.0709563,-0.67306995,9.907356
22219,11:03:23.676 PM,3,1.1284171,-0.37379473,9.816377
22239,11:03:23.696 PM,3,1.1691186,0.32531217,9.909751
22259,11:03:23.716 PM,3,1.4133272,1.0076597,10.419716
22279,11:03:23.736 PM,3,1.5952865,1.0411785,9.852289
22299,11:03:23.756 PM,3,1.5426141,1.5439608,9.1890955
22319,11:03:23.776 PM,3,1.7485155,1.8121114,8.688707
22339,11:03:23.796 PM,3,2.0717328,1.7642274,8.681525
22359,11:03:23.816 PM,3,2.373402,1.9533693,8.434922
22379,11:03:23.836 PM,3,2.6654947,1.5631144,7.616105
22399,11:03:23.856 PM,3,2.6056397,1.6109985,6.962488
22419,11:03:23.876 PM,3,2.823512,0.9956886,7.508366
22439,11:03:23.896 PM,3,3.2185552,0.46657005,8.324789
22459,11:03:23.916 PM,3,3.2472856,0.46178165,8.492383
22479,11:03:23.936 PM,3,3.2017958,0.27742812,8.226626
22499,11:03:23.956 PM,3,3.276016,0.48572367,8.082974
22519,11:03:23.976 PM,3,3.3071408,0.07631518,8.030302
22539,11:03:23.996 PM,3,3.501071,-0.3426701,8.765322
22559,11:03:24.016 PM,3,3.975123,-0.041000705,8.746168
22579,11:03:24.036 PM,3,4.3270707,0.691625,8.252963
22599,11:03:24.056 PM,3,4.2624273,0.28700492,7.9848123
22619,11:03:24.076 PM,3,4.635923,-0.7353192,7.934534
22639,11:03:24.096 PM,3,5.114763,0.60782796,8.942493
22659,11:03:24.116 PM,3,5.3206644,1.5990275,8.78687
22679,11:03:24.136 PM,3,4.7412677,1.510442,8.267328
22699,11:03:24.156 PM,3,4.6933837,1.6804303,8.133253
22719,11:03:24.176 PM,3,4.6694417,1.7642274,8.288876
22739,11:03:24.196 PM,3,5.0884266,1.7043723,8.738986
22759,11:03:24.216 PM,3,5.095609,1.5798738,8.841936
22789,11:03:24.246 PM,3,4.9902644,1.5535376,8.789264
22809,11:03:24.266 PM,3,4.8801312,1.3763667,8.976012
22829,11:03:24.286 PM,3,4.7604213,1.0555437,9.277681
22849,11:03:24.306 PM,3,4.743662,0.9214684,9.517101
22869,11:03:24.326 PM,3,4.638317,0.63895255,9.371055
22889,11:03:24.346 PM,3,4.3845315,0.73950905,9.105299
22909,11:03:24.366 PM,3,4.2911577,0.7897873,9.112481
22929,11:03:24.386 PM,3,4.197784,0.75387424,8.932917
22949,11:03:24.406 PM,3,4.011036,0.7897873,8.8467245
22969,11:03:24.426 PM,3,3.9463925,0.72274965,8.652795
22989,11:03:24.446 PM,3,3.9104795,0.7945757,8.485201
23009,11:03:24.466 PM,3,3.8602014,0.7897873,8.320001
23029,11:03:24.486 PM,3,3.9128737,1.0076597,8.39422
23049,11:03:24.506 PM,3,3.999065,0.928651,8.39422
23069,11:03:24.526 PM,3,4.073285,0.9501988,8.367885
23089,11:03:24.546 PM,3,4.2384853,1.0459669,8.320001
23109,11:03:24.566 PM,3,4.401291,1.1034278,8.454076
23129,11:03:24.586 PM,3,4.4587517,1.2039841,8.542662
23149,11:03:24.606 PM,3,4.4084735,1.1201872,8.559421
23169,11:03:24.626 PM,3,4.377349,1.2638392,8.528296
23189,11:03:24.646 PM,3,4.38932,1.4721348,8.29127
23209,11:03:24.666 PM,3,4.209755,1.6421231,8.145224
23229,11:03:24.686 PM,3,4.295946,1.7522564,8.1859255
23249,11:03:24.706 PM,3,4.475511,1.6493057,8.351125
23269,11:03:24.726 PM,3,4.722114,1.4888942,8.334366
23289,11:03:24.746 PM,3,4.6526823,1.8719665,8.128465
23309,11:03:24.766 PM,3,4.7628155,1.8743607,8.116493
23329,11:03:24.786 PM,3,5.0285716,1.6612767,8.506748
23349,11:03:24.806 PM,3,5.136311,1.7738042,8.568997
23369,11:03:24.826 PM,3,5.234473,1.7785926,8.674342
23389,11:03:24.846 PM,3,5.1434937,1.9461867,8.580969
23409,11:03:24.866 PM,3,5.10758,2.0371664,8.377461
23429,11:03:24.886 PM,3,5.0381484,2.2406735,8.221838
23449,11:03:24.906 PM,3,5.007024,2.365172,8.377461
23469,11:03:24.926 PM,3,5.069273,2.496853,8.4325285
23489,11:03:24.946 PM,3,5.10758,2.5734675,8.415769
23509,11:03:24.966 PM,3,5.0980034,2.6931777,8.310424
23529,11:03:24.986 PM,3,5.0046296,2.8009167,8.150012
23549,11:03:25.006 PM,3,5.030966,2.7051487,7.7932763
23569,11:03:25.026 PM,3,5.136311,2.6644473,8.00636
23589,11:03:25.046 PM,3,5.64867,2.530372,8.176349
23609,11:03:25.066 PM,3,6.031742,2.7123313,7.968053
23629,11:03:25.086 PM,3,6.5321302,1.8815433,8.176349
23649,11:03:25.106 PM,3,6.848165,1.8743607,8.691102
23669,11:03:25.126 PM,3,7.0468836,1.7331028,8.628853
23689,11:03:25.146 PM,3,6.90802,1.129764,8.688707
23709,11:03:25.166 PM,3,6.8074636,1.0866683,8.643218
23729,11:03:25.186 PM,3,6.3669305,1.5798738,7.980024
23749,11:03:25.206 PM,3,6.2352495,1.5176246,7.3216186
23769,11:03:25.226 PM,3,6.029348,1.2758102,7.484424
23789,11:03:25.246 PM,3,5.624728,1.3213,7.3455606
23809,11:03:25.266 PM,3,5.339818,1.189619,7.5586443
23829,11:03:25.286 PM,3,5.4643164,1.2686276,7.60174
23849,11:03:25.306 PM,3,5.4284034,1.582268,7.2497926
23869,11:03:25.326 PM,3,5.325453,1.9509751,6.8834796
23889,11:03:25.346 PM,3,5.5169888,1.5918448,7.034314
23909,11:03:25.366 PM,3,5.3685484,1.2351089,7.187543
23929,11:03:25.386 PM,3,5.31827,1.2422915,7.4269633
23949,11:03:25.406 PM,3,5.2871456,1.4146739,7.5849805
23969,11:03:25.426 PM,3,5.306299,1.1608886,7.673566
23989,11:03:25.446 PM,3,5.2009544,1.0770915,7.7956705
24009,11:03:25.466 PM,3,4.604798,1.0914567,8.020725
24029,11:03:25.486 PM,3,4.5976152,1.072303,8.652795
24049,11:03:25.506 PM,3,4.556914,1.0986392,8.564209
24069,11:03:25.526 PM,3,4.3007345,1.3524247,8.449287
24089,11:03:25.546 PM,3,3.879355,1.3069348,8.592939
24109,11:03:25.566 PM,3,3.5633204,0.976535,9.069386
24129,11:03:25.586 PM,3,3.7357028,0.87119013,9.126846
24149,11:03:25.606 PM,3,3.8386536,1.0866683,9.07178
24169,11:03:25.626 PM,3,3.807529,0.82809454,8.662372
24189,11:03:25.646 PM,3,3.666271,0.8017583,8.612093
24209,11:03:25.666 PM,3,3.4148798,0.34207156,9.035867
24229,11:03:25.686 PM,3,3.5561378,0.13617022,8.93531
24249,11:03:25.706 PM,3,3.6806362,-0.1798644,8.583363
24269,11:03:25.726 PM,3,3.546561,-0.098461546,8.63843
24289,11:03:25.746 PM,3,3.6614826,-0.12240356,8.492383
24309,11:03:25.766 PM,3,3.5776856,-0.23253684,8.537873
24329,11:03:25.786 PM,3,3.7189434,-0.3187281,8.573786
24349,11:03:25.806 PM,3,3.6950014,-0.24929625,8.267328
24369,11:03:25.826 PM,3,3.5250132,-0.49111062,8.29127
24389,11:03:25.846 PM,3,3.6112044,-0.55814826,8.420557
24409,11:03:25.866 PM,3,3.6543,-0.56054246,8.489989
24429,11:03:25.886 PM,3,3.7213376,-0.5174468,8.473229
24449,11:03:25.906 PM,3,3.771616,-0.66349316,8.437317
24469,11:03:25.926 PM,3,3.7357028,-0.8765771,8.255357
24489,11:03:25.946 PM,3,3.879355,-1.1662755,8.341548
24509,11:03:25.966 PM,3,3.9823055,-0.90770173,8.415769
24529,11:03:25.986 PM,3,3.9727287,-1.2093711,8.387038
24549,11:03:26.006 PM,3,3.8530188,-1.3985131,8.406192
24570,11:03:26.027 PM,3,3.9128737,-1.3937247,8.585757
24589,11:03:26.046 PM,3,3.9080853,-1.4344261,8.643218
24609,11:03:26.066 PM,3,3.7931638,-1.6139913,8.509143
24630,11:03:26.087 PM,3,3.7859812,-1.9036896,8.437317
24650,11:03:26.107 PM,3,3.7093666,-1.728913,8.320001
24669,11:03:26.126 PM,3,3.7859812,-1.6642694,8.444499
24689,11:03:26.146 PM,3,3.7644331,-1.7145476,8.341548
24709,11:03:26.166 PM,3,3.8027406,-1.5541362,8.284087
24729,11:03:26.186 PM,3,3.7548563,-1.5804724,8.339154
24750,11:03:26.207 PM,3,3.7189434,-1.7744027,8.33676
24769,11:03:26.226 PM,3,3.807529,-1.4727334,8.346336
24789,11:03:26.246 PM,3,3.9009027,-1.3817537,8.358308
24809,11:03:26.266 PM,3,3.9104795,-1.3530233,8.446894
24833,11:03:26.290 PM,3,4.0756793,-1.4176667,8.542662
24851,11:03:26.308 PM,3,4.1235633,-1.3506291,8.413374
24870,11:03:26.327 PM,3,4.1546884,-1.326687,8.430134
24889,11:03:26.346 PM,3,4.3103113,-1.326687,8.4564705
24909,11:03:26.366 PM,3,4.559308,-1.707365,9.009531
24929,11:03:26.386 PM,3,4.4060793,-1.7265188,9.3112
24949,11:03:26.406 PM,3,4.5042415,-1.2811972,8.8946085
24969,11:03:26.426 PM,3,4.5042415,-1.3673885,9.184307
24989,11:03:26.446 PM,3,4.367772,-1.7145476,9.220221
25009,11:03:26.466 PM,3,4.152294,-1.2835914,8.99756
25029,11:03:26.486 PM,3,4.2265143,-1.5134348,8.968829
25049,11:03:26.506 PM,3,4.097227,-1.4104841,9.150788
25069,11:03:26.526 PM,3,4.2193317,-1.1207857,8.875455
25089,11:03:26.546 PM,3,4.130746,-1.314716,8.688707
25109,11:03:26.566 PM,3,4.13314,-1.0489596,8.53069
25129,11:03:26.586 PM,3,4.2504563,-1.0226234,8.317606
25149,11:03:26.606 PM,3,4.3031287,-1.1231799,8.164377
25169,11:03:26.626 PM,3,4.317494,-0.8286931,7.9393225
25189,11:03:26.646 PM,3,4.281581,-0.76883805,7.6544123
25209,11:03:26.666 PM,3,4.200178,-0.7281366,7.4293575
25229,11:03:26.686 PM,3,4.2408795,-0.49350482,7.4197807
25249,11:03:26.706 PM,3,4.5904326,-0.38815996,7.505972
25269,11:03:26.726 PM,3,4.779575,-0.6036381,7.6472297
25289,11:03:26.746 PM,3,4.9304094,-0.54138887,7.8291893
25309,11:03:26.766 PM,3,5.1434937,-0.43604398,8.116493
25329,11:03:26.786 PM,3,5.205743,-0.56533086,8.279299
25349,11:03:26.806 PM,3,5.2727804,-0.89333653,8.691102
25369,11:03:26.826 PM,3,5.3086934,-0.70419455,8.743774
25389,11:03:26.846 PM,3,5.1865892,-0.5844845,8.7988405
25409,11:03:26.866 PM,3,5.342212,-0.9388263,8.853908
25429,11:03:26.886 PM,3,5.4643164,-0.80953944,8.77011
25449,11:03:26.906 PM,3,5.4643164,-0.6156091,8.729409
25469,11:03:26.926 PM,3,5.349395,-0.732925,8.482806
25489,11:03:26.946 PM,3,4.999841,-0.8837597,8.102128
25509,11:03:26.966 PM,3,5.081244,-0.65152216,8.233809
25529,11:03:26.986 PM,3,5.2632036,-0.82629883,8.370278
25549,11:03:27.006 PM,3,4.8561893,-0.7233482,8.561815
25569,11:03:27.026 PM,3,5.12434,-0.23493104,7.920169
25589,11:03:27.046 PM,3,5.181801,-0.24929625,8.463653
25609,11:03:27.066 PM,3,5.009418,0.057161566,8.525902
25629,11:03:27.086 PM,3,4.9184384,0.34207156,8.267328
25649,11:03:27.106 PM,3,5.009418,0.51684827,8.157195
25669,11:03:27.126 PM,3,5.0884266,-0.05057751,8.001572
25689,11:03:27.146 PM,3,4.9447746,0.03561375,8.032697
25709,11:03:27.166 PM,3,5.136311,0.28221652,8.588151
25729,11:03:27.186 PM,3,5.315876,0.1050456,8.545055
25749,11:03:27.206 PM,3,5.208137,0.3540426,8.50196
25769,11:03:27.226 PM,3,5.2632036,-0.05057751,8.118888
25789,11:03:27.246 PM,3,4.951957,0.6533178,8.140435
25809,11:03:27.266 PM,3,5.378125,0.32052374,8.140435
25829,11:03:27.286 PM,3,5.172224,0.45459905,7.663989
25849,11:03:27.306 PM,3,4.995053,0.74429744,7.4389343
25869,11:03:27.326 PM,3,5.1291285,0.6940192,7.7717285
25889,11:03:27.346 PM,3,5.0405426,0.33967736,8.272117
25909,11:03:27.366 PM,3,4.829853,0.3564368,8.0901575
25929,11:03:27.386 PM,3,4.6287403,0.100257196,8.128465
25949,11:03:27.406 PM,3,4.5186067,0.11462241,8.300847
25969,11:03:27.426 PM,3,4.425233,-0.07212532,8.521113
25989,11:03:27.446 PM,3,4.4539633,-0.24211365,8.937705
26009,11:03:27.466 PM,3,4.4779053,-0.069731124,8.729409
26029,11:03:27.486 PM,3,4.3629837,-0.024241293,8.6504
26049,11:03:27.506 PM,3,4.475511,-0.1726818,8.676737
26069,11:03:27.526 PM,3,4.662259,-0.0338181,8.671948
26089,11:03:27.546 PM,3,4.7125373,-0.07691373,8.719832
26109,11:03:27.566 PM,3,4.6814127,0.09068039,8.686314
26129,11:03:27.586 PM,3,4.6454997,-0.067336924,8.645612
26149,11:03:27.606 PM,3,4.6287403,-0.0362123,8.564209
26169,11:03:27.626 PM,3,4.607192,-0.017058687,8.74138
26189,11:03:27.646 PM,3,4.5162125,-0.42886138,8.839542
26209,11:03:27.666 PM,3,4.437204,-0.5006874,8.849119
26229,11:03:27.686 PM,3,4.2911577,-0.7377134,9.081357
26249,11:03:27.706 PM,3,4.070891,-1.3290812,9.509919
26269,11:03:27.726 PM,3,3.927239,-1.6379333,9.239374
26289,11:03:27.746 PM,3,3.6878188,-1.5014638,9.3878145
26309,11:03:27.766 PM,3,3.5992334,-2.1311388,9.44767
26329,11:03:27.786 PM,3,3.168277,-2.0593128,9.576957
26349,11:03:27.806 PM,3,3.3382654,-2.0521302,9.612869
26369,11:03:27.826 PM,3,3.3502364,-1.6427217,9.066992
26389,11:03:27.846 PM,3,3.4100914,-1.3218986,8.827571
26409,11:03:27.866 PM,3,3.6088102,-0.9172785,8.63843
26429,11:03:27.886 PM,3,3.7357028,-0.39534256,8.272117
26449,11:03:27.906 PM,3,3.6997898,0.08828619,8.164377
26469,11:03:27.926 PM,3,3.750068,0.643741,7.9872065
26489,11:03:27.946 PM,3,4.0445547,1.1153988,7.922563
26509,11:03:27.966 PM,3,4.2911577,1.2255319,7.7022967
26529,11:03:27.986 PM,3,4.485088,1.3021464,7.6711717
26549,11:03:28.006 PM,3,4.707749,1.5607202,7.994389
26569,11:03:28.026 PM,3,5.0501194,1.2327147,8.525902
26589,11:03:28.046 PM,3,5.105186,1.4529811,8.346336
26609,11:03:28.066 PM,3,5.1099744,1.177648,8.166772
26629,11:03:28.086 PM,3,5.229685,1.4027029,8.355913
26649,11:03:28.106 PM,3,5.193772,1.3739725,8.430134
26670,11:03:28.127 PM,3,5.222502,0.70599025,8.360702
26689,11:03:28.146 PM,3,5.253627,0.49051207,8.659977
26709,11:03:28.166 PM,3,4.9926586,0.7873931,8.662372
26729,11:03:28.186 PM,3,4.6550765,0.75626844,8.497171
26749,11:03:28.206 PM,3,4.5880384,0.2463035,8.473229
26769,11:03:28.226 PM,3,4.535366,0.30855274,8.564209
26789,11:03:28.246 PM,3,4.3869257,0.21757308,8.415769
26809,11:03:28.266 PM,3,4.367772,0.2415151,8.549844
26829,11:03:28.286 PM,3,4.3270707,0.3564368,8.528296
26849,11:03:28.306 PM,3,4.2648215,0.085891984,8.626458
26869,11:03:28.326 PM,3,4.2887635,0.045190558,8.497171
26889,11:03:28.346 PM,3,4.4060793,0.2510919,8.537873
26909,11:03:28.366 PM,3,4.377349,0.28221652,8.640823
26929,11:03:28.386 PM,3,4.365378,0.23433249,8.729409
26949,11:03:28.406 PM,3,4.3725605,0.32770637,8.473229
26969,11:03:28.426 PM,3,4.3965025,0.41629183,8.425345
26989,11:03:28.446 PM,3,4.461146,0.37559038,8.604911
27009,11:03:28.466 PM,3,4.4779053,0.27982232,8.583363
27029,11:03:28.486 PM,3,4.461146,0.46417585,8.552238
27049,11:03:28.506 PM,3,4.437204,0.31812954,8.573786
27069,11:03:28.526 PM,3,4.5545197,0.41868603,8.597728
27089,11:03:28.546 PM,3,4.5521255,0.50487727,8.568997
27109,11:03:28.566 PM,3,4.5257893,0.41629183,8.50196
27129,11:03:28.586 PM,3,4.5976152,0.43783963,8.590546
27149,11:03:28.606 PM,3,4.635923,0.41868603,8.528296
27169,11:03:28.626 PM,3,4.6119804,0.5312135,8.451682
27189,11:03:28.646 PM,3,4.6239514,0.62458736,8.458864
27209,11:03:28.666 PM,3,4.650288,0.72514385,8.391827
27229,11:03:28.686 PM,3,4.6574707,0.87358433,8.339154
27249,11:03:28.706 PM,3,4.662259,0.9023148,8.305635
27269,11:03:28.726 PM,3,4.7269025,1.1680712,8.269722
27289,11:03:28.746 PM,3,4.815488,1.2470798,8.267328
27309,11:03:28.766 PM,3,4.9423804,1.4625579,8.116493
27329,11:03:28.786 PM,3,5.095609,1.6038159,8.049456
27349,11:03:28.806 PM,3,5.1746182,1.8049288,8.1380415
27369,11:03:28.826 PM,3,5.373337,2.0132244,7.9249573
27389,11:03:28.846 PM,3,5.40925,2.0491374,7.898621
27409,11:03:28.866 PM,3,5.3589716,2.044349,7.9752355
27429,11:03:28.886 PM,3,5.5265656,1.3213,8.51872
27449,11:03:28.906 PM,3,5.4930468,0.60303956,8.858696
27469,11:03:28.926 PM,3,5.241656,-0.6275801,9.541043
27489,11:03:28.946 PM,3,4.6239514,-2.0521302,9.785252
27509,11:03:28.966 PM,3,3.7117608,-2.7991211,10.283246
27529,11:03:28.986 PM,3,3.1754596,-3.9650972,10.678289
27549,11:03:29.006 PM,3,2.9863176,-3.7663786,10.316765
27569,11:03:29.026 PM,3,2.9456162,-3.3402107,9.620052
27590,11:03:29.047 PM,3,2.955193,-2.7368717,9.414151
27609,11:03:29.066 PM,3,3.3071408,-1.9779099,9.078962
27630,11:03:29.087 PM,3,3.7740102,-0.9172785,8.568997
27649,11:03:29.106 PM,3,4.2193317,0.5599439,8.075792
27669,11:03:29.126 PM,3,4.5664907,1.8145056,7.6089225
27689,11:03:29.146 PM,3,4.8011227,2.8631659,7.142053
27719,11:03:29.176 PM,3,4.98787,3.4856584,6.9289694
27739,11:03:29.196 PM,3,5.047725,3.7945104,6.826019
27759,11:03:29.216 PM,3,5.136311,4.1632175,6.6368766
27779,11:03:29.236 PM,3,5.042937,3.954922,6.6967316
27799,11:03:29.256 PM,3,5.1770124,3.3611598,6.9577
27819,11:03:29.276 PM,3,5.40925,2.662053,7.2354274
27839,11:03:29.296 PM,3,5.3805194,2.7147255,7.6065283
27859,11:03:29.316 PM,3,5.399673,3.0810382,7.8890443
27879,11:03:29.336 PM,3,5.461922,2.161665,8.363096
27899,11:03:29.356 PM,3,5.157859,1.4362217,8.485201
27925,11:03:29.382 PM,3,4.5904326,1.0339959,8.588151
27939,11:03:29.396 PM,3,4.8202763,1.2805986,8.492383
27959,11:03:29.416 PM,3,4.5904326,1.0339959,8.588151
27979,11:03:29.436 PM,3,4.5257893,0.7945757,8.681525
27999,11:03:29.456 PM,3,4.4563575,0.5790975,8.722226
28019,11:03:29.476 PM,3,4.38932,0.8089409,8.50196
28039,11:03:29.496 PM,3,4.4779053,0.86879593,8.466047
28059,11:03:29.516 PM,3,4.4587517,0.86640173,8.430134
28079,11:03:29.536 PM,3,4.401291,1.0507553,8.506748
28099,11:03:29.556 PM,3,4.3103113,0.9861118,8.379855
28119,11:03:29.576 PM,3,4.3007345,1.0675147,8.377461
28139,11:03:29.596 PM,3,4.3749547,1.1704654,8.286482
28159,11:03:29.616 PM,3,4.3270707,1.1824363,8.315212
28179,11:03:29.636 PM,3,4.379743,1.1441292,8.439711
28199,11:03:29.656 PM,3,4.413262,1.0914567,8.561815
28219,11:03:29.676 PM,3,4.4300213,1.0675147,8.652795
28239,11:03:29.696 PM,3,4.4922705,1.1872247,8.511537
28259,11:03:29.716 PM,3,4.5425487,1.1991957,8.5043545
28280,11:03:29.737 PM,3,4.556914,1.1153988,8.602516
28299,11:03:29.756 PM,3,4.6119804,1.1752537,8.51872
28319,11:03:29.776 PM,3,4.5545197,1.1991957,8.4564705
28339,11:03:29.796 PM,3,4.647894,1.2542624,8.542662
28359,11:03:29.816 PM,3,4.659865,1.2758102,8.561815
28379,11:03:29.836 PM,3,4.647894,1.1968015,8.463653
28399,11:03:29.856 PM,3,4.6933837,1.3165116,8.454076
28419,11:03:29.876 PM,3,4.6526823,1.3428478,8.372673
28439,11:03:29.896 PM,3,4.7747865,1.2829928,8.358308
28459,11:03:29.916 PM,3,4.7364793,1.3739725,8.296059
28479,11:03:29.936 PM,3,4.8250647,1.333271,8.279299
28499,11:03:29.956 PM,3,4.7843633,1.4074913,8.396615
28519,11:03:29.976 PM,3,4.7723923,1.4027029,8.315212
28539,11:03:29.996 PM,3,4.71972,1.4960768,8.250568
28559,11:03:30.016 PM,3,4.916044,1.6804303,8.272117
28579,11:03:30.036 PM,3,4.9902644,1.9653404,8.1140995
28599,11:03:30.056 PM,3,5.045331,2.50643,7.9848123
28619,11:03:30.076 PM,3,4.83943,2.7506385,7.7980647
28639,11:03:30.096 PM,3,5.193772,3.0044239,8.152407
28659,11:03:30.116 PM,3,5.9766755,2.6572647,9.246556
28679,11:03:30.136 PM,3,6.0628667,0.9334394,10.067768
28699,11:03:30.156 PM,3,5.679795,-1.7887679,11.556961
28719,11:03:30.176 PM,3,4.6000094,-2.4232314,11.044602
28739,11:03:30.196 PM,3,3.6159928,-3.653851,10.460417
28759,11:03:30.216 PM,3,2.4763527,-2.904466,9.493159
28779,11:03:30.236 PM,3,2.6008513,-2.0090344,8.188319
28799,11:03:30.256 PM,3,2.631976,-1.7384897,7.6999025
28819,11:03:30.276 PM,3,2.7468975,-0.5940613,7.4676647
28839,11:03:30.296 PM,3,2.9527988,0.62219316,7.613711
28859,11:03:30.316 PM,3,3.264045,1.7259202,7.802853
28879,11:03:30.336 PM,3,3.4986768,2.6261399,7.6304703
28899,11:03:30.356 PM,3,3.5298016,3.136105,7.4293575
28923,11:03:30.380 PM,3,3.6327522,3.1768064,7.24261
28939,11:03:30.396 PM,3,3.8099232,3.7873278,7.340772
28959,11:03:30.416 PM,3,3.9368157,4.0291424,7.4532995
28979,11:03:30.436 PM,3,4.0038533,4.02196,7.5466733
28999,11:03:30.456 PM,3,4.0780735,3.552696,7.5634327
29019,11:03:30.476 PM,3,4.4348097,2.508824,8.018332
29039,11:03:30.496 PM,3,4.8370357,2.5471313,8.425345
29059,11:03:30.516 PM,3,4.9902644,2.9876645,8.415769
29079,11:03:30.536 PM,3,4.995053,2.7123313,8.535479
29099,11:03:30.556 PM,3,4.710143,2.0132244,8.434922
29119,11:03:30.576 PM,3,4.556914,1.8552071,8.794052
29139,11:03:30.596 PM,3,4.4826937,1.6493057,8.679131
29159,11:03:30.616 PM,3,4.0900445,1.7091607,8.633641
29179,11:03:30.636 PM,3,4.188207,1.3548189,8.674342
29199,11:03:30.656 PM,3,4.140323,1.1393408,8.724621
29219,11:03:30.676 PM,3,4.1499,1.0914567,8.66716
29239,11:03:30.696 PM,3,4.13314,1.2566566,8.738986
29259,11:03:30.716 PM,3,4.0900445,1.4194623,8.600122
29279,11:03:30.736 PM,3,4.109198,1.2183493,8.817994
29299,11:03:30.756 PM,3,4.1570826,1.1513118,8.88982
29319,11:03:30.776 PM,3,4.161871,1.4242507,8.746168
29339,11:03:30.796 PM,3,4.140323,1.4434043,8.640823
29359,11:03:30.816 PM,3,4.1594768,1.2782044,8.865878
29381,11:03:30.838 PM,3,4.1929955,1.2063783,8.901792
29399,11:03:30.856 PM,3,4.140323,1.3045406,8.679131
29419,11:03:30.876 PM,3,4.2025723,1.3979145,8.580969
29439,11:03:30.896 PM,3,4.164265,1.546355,8.54745
29459,11:03:30.916 PM,3,4.209755,1.4146739,8.475624
29479,11:03:30.936 PM,3,4.164265,1.4888942,8.537873
