0,11:00:45.455 PM,3,-7.928848,5.906196,3.3735797
20,11:00:45.475 PM,3,-8.759636,6.708254,0.9793781
40,11:00:45.495 PM,3,-9.276783,6.564602,1.6258126
59,11:00:45.514 PM,3,-9.626337,6.708254,0.9793781
79,11:00:45.534 PM,3,-10.167426,6.528689,0.60588264
99,11:00:45.554 PM,3,-10.279954,6.3850365,0.0911293
120,11:00:45.575 PM,3,-10.287136,5.9253497,-0.064493805
140,11:00:45.595 PM,3,-10.30629,5.831976,0.09591771
160,11:00:45.615 PM,3,-9.851392,5.4489036,0.34491467
180,11:00:45.635 PM,3,-10.117148,5.106533,0.44068274
200,11:00:45.655 PM,3,-10.279954,4.972458,0.42152914
220,11:00:45.675 PM,3,-10.165032,4.6707883,0.44068274
240,11:00:45.695 PM,3,-10.311078,4.337994,0.3760393
260,11:00:45.715 PM,3,-10.526557,4.045902,0.68728554
280,11:00:45.735 PM,3,-10.655844,3.7107134,0.8548796
300,11:00:45.755 PM,3,-10.394876,2.8823197,1.1517607
319,11:00:45.774 PM,3,-10.61993,2.2406735,1.5061026
340,11:00:45.795 PM,3,-10.026169,1.6469115,2.5834932
359,11:00:45.814 PM,3,-10.210522,2.0060418,2.2171805
380,11:00:45.835 PM,3,-10.026169,1.6469115,2.5834932
400,11:00:45.855 PM,3,-9.650279,1.1369466,2.8037598
419,11:00:45.874 PM,3,-9.36058,0.62937576,3.6201825
439,11:00:45.894 PM,3,-8.347833,0.22714989,4.0583215
462,11:00:45.917 PM,3,-7.0932713,-0.5246295,4.647295
480,11:00:45.935 PM,3,-7.550564,0.17208324,3.9960723
499,11:00:45.954 PM,3,-7.0932713,-0.5246295,4.647295
519,11:00:45.974 PM,3,-6.011092,-0.9268553,5.547515
540,11:00:45.995 PM,3,-4.9552493,-1.7696143,5.621735
560,11:00:46.015 PM,3,-4.620061,-2.049736,6.1867666
579,11:00:46.034 PM,3,-5.1467853,-2.9930513,7.338378
600,11:00:46.055 PM,3,-4.462044,-2.1838112,6.047903
623,11:00:46.078 PM,3,-2.8555346,-3.9579146,8.030302
639,11:00:46.094 PM,3,-2.362329,-4.250007,8.195502
660,11:00:46.115 PM,3,-2.8555346,-3.9579146,8.030302
680,11:00:46.135 PM,3,-3.054253,-3.3378165,7.541885
700,11:00:46.155 PM,3,-2.8220155,-3.7735612,7.790882
720,11:00:46.175 PM,3,-2.4173956,-4.250007,8.420557
740,11:00:46.195 PM,3,-1.7015293,-3.8813002,8.602516
760,11:00:46.215 PM,3,-1.8475755,-3.297115,8.104523
780,11:00:46.235 PM,3,-2.5825953,-3.261202,7.9991775
800,11:00:46.255 PM,3,-2.5227404,-3.783138,8.197896
820,11:00:46.275 PM,3,-1.5195699,-3.546112,8.26254
840,11:00:46.295 PM,3,-1.4190134,-2.8493993,7.2138796
860,11:00:46.315 PM,3,-2.268955,-2.4759037,6.512378
880,11:00:46.335 PM,3,-3.2266357,-2.4016836,6.3352075
900,11:00:46.355 PM,3,-3.1883285,-1.7624317,7.034314
921,11:00:46.376 PM,3,-4.1053076,-1.0513538,7.1827545
940,11:00:46.395 PM,3,-4.9696145,-0.41928458,6.572233
960,11:00:46.415 PM,3,-5.438878,0.28939912,5.913828
980,11:00:46.435 PM,3,-5.0414405,0.72035545,6.000019
1000,11:00:46.455 PM,3,-5.000739,1.8767549,6.316054
1020,11:00:46.475 PM,3,-5.5298576,2.4082677,6.2394395
1040,11:00:46.495 PM,3,-5.3335333,2.6692357,6.890662
1060,11:00:46.515 PM,3,-5.307197,3.48087,6.3711205
1079,11:00:46.534 PM,3,-5.1755157,3.492841,6.8715086
1100,11:00:46.555 PM,3,-5.000739,3.516783,8.583363
1120,11:00:46.575 PM,3,-4.196287,3.8974612,10.170718
1140,11:00:46.595 PM,3,-3.6432269,4.596568,9.620052
1160,11:00:46.615 PM,3,-3.7749078,5.618892,9.241768
1179,11:00:46.634 PM,3,-3.6288617,5.8750715,8.983194
1200,11:00:46.655 PM,3,-2.94412,5.4225674,9.023896
1220,11:00:46.675 PM,3,-2.7501895,5.252579,9.701455
1240,11:00:46.695 PM,3,-2.4437318,5.614104,9.28247
1260,11:00:46.715 PM,3,-2.1085434,5.578191,8.990377
1279,11:00:46.734 PM,3,-2.031929,6.0139356,9.399785
1299,11:00:46.754 PM,3,-1.8810943,5.0131593,9.373449
1320,11:00:46.775 PM,3,-1.7518075,5.238214,9.232191
1340,11:00:46.795 PM,3,-1.3447932,5.312434,8.801235
1360,11:00:46.815 PM,3,-1.5506945,5.927744,8.832359
1380,11:00:46.835 PM,3,-1.3447932,5.312434,8.801235
1400,11:00:46.855 PM,3,-1.153257,4.8288054,8.95207
1420,11:00:46.875 PM,3,-0.9521441,5.295675,9.256133
1440,11:00:46.895 PM,3,-0.5882254,5.0490723,9.993547
1460,11:00:46.915 PM,3,-0.19557635,4.931756,10.563368
1480,11:00:46.935 PM,3,-0.10459669,5.2813096,10.273669
1500,11:00:46.955 PM,3,0.053420626,5.295675,10.199449
1520,11:00:46.975 PM,3,-0.10699089,5.4010196,10.012701
1540,11:00:46.995 PM,3,-0.07107786,4.8431706,10.273669
1559,11:00:47.014 PM,3,-0.047135845,4.560655,10.379014
1581,11:00:47.036 PM,3,-0.09262568,4.498406,10.146776
1600,11:00:47.055 PM,3,-0.08304887,4.2254667,9.979182
1620,11:00:47.075 PM,3,-0.14050971,4.2230725,9.667936
1640,11:00:47.095 PM,3,-0.1237503,4.132093,9.52189
1660,11:00:47.115 PM,3,-0.027982233,3.753809,9.536255
1679,11:00:47.134 PM,3,0.1491887,3.456928,9.529073
1699,11:00:47.154 PM,3,0.2665046,3.6149452,9.469217
1720,11:00:47.175 PM,3,0.40057987,3.634099,9.313594
1740,11:00:47.195 PM,3,0.44606972,3.4760816,9.1172695
1760,11:00:47.215 PM,3,0.37424365,3.172018,9.160365
1780,11:00:47.235 PM,3,0.28565818,3.0882208,9.076569
1800,11:00:47.255 PM,3,0.33593643,2.9541457,9.179519
1820,11:00:47.275 PM,3,0.40057987,2.896685,9.040655
1840,11:00:47.295 PM,3,0.41255087,3.018789,9.074174
1860,11:00:47.315 PM,3,0.4604349,3.1576529,8.966435
1880,11:00:47.335 PM,3,0.40297407,3.102586,9.098116
1900,11:00:47.355 PM,3,0.40536827,3.0283659,9.129241
1919,11:00:47.374 PM,3,0.3048118,3.054702,9.124453
1939,11:00:47.394 PM,3,0.39579147,3.1384993,8.973618
1960,11:00:47.415 PM,3,0.8866028,2.8344355,4.7933416
1979,11:00:47.434 PM,3,-0.9736919,2.4130561,9.902568
1999,11:00:47.454 PM,3,0.38382047,3.4377744,9.052627
2019,11:00:47.474 PM,3,0.49634793,3.373131,9.074174
2041,11:00:47.496 PM,3,0.37184945,2.1472998,9.440487
2060,11:00:47.515 PM,3,0.33593643,3.303699,9.112481
2090,11:00:47.545 PM,3,0.7214029,3.1169512,9.074174
2110,11:00:47.565 PM,3,0.24495676,2.7362733,9.028685
2129,11:00:47.584 PM,3,0.25932196,2.743456,9.126846
2150,11:00:47.605 PM,3,0.08215105,2.74585,9.184307
2169,11:00:47.624 PM,3,0.11088146,2.635717,9.157971
2189,11:00:47.644 PM,3,0.04623802,2.697966,9.102904
2210,11:00:47.665 PM,3,0.072574235,2.7051487,9.129241
2229,11:00:47.684 PM,3,-0.047135845,2.604592,9.361478
2250,11:00:47.705 PM,3,-0.004040215,2.7147255,9.186702
2270,11:00:47.725 PM,3,-0.013617022,2.7721863,9.485977
6303106,12:45:48.561 AM,3,0.039055414,2.6237457,9.519496
6303126,12:45:48.581 AM,3,2.4883237,-0.052971713,8.885032
6303146,12:45:48.601 AM,3,0.039055414,2.6237457,9.519496
6303166,12:45:48.621 AM,3,2.4883237,-0.052971713,8.885032
6303186,12:45:48.641 AM,3,0.039055414,2.6237457,9.519496
6303206,12:45:48.661 AM,3,2.4883237,-0.052971713,8.885032
6303226,12:45:48.681 AM,3,0.039055414,2.6237457,9.519496
6303246,12:45:48.701 AM,3,2.4883237,-0.052971713,8.885032
6303266,12:45:48.721 AM,3,0.039055414,2.6237457,9.519496
6303286,12:45:48.741 AM,3,2.4883237,-0.052971713,8.885032
6303306,12:45:48.761 AM,3,0.039055414,2.6237457,9.519496
6303326,12:45:48.781 AM,3,2.4883237,-0.052971713,8.885032
6303350,12:45:48.805 AM,3,2.4883237,-0.052971713,8.885032
6303376,12:45:48.831 AM,3,2.4883237,-0.052971713,8.885032
6303396,12:45:48.851 AM,3,2.730138,-1.1112089,9.330354
6303416,12:45:48.871 AM,3,2.7325323,-1.302745,9.361478
6303436,12:45:48.891 AM,3,2.5888803,-1.24289,9.0933275
6303456,12:45:48.911 AM,3,2.445228,-1.2859856,9.035867
6303476,12:45:48.931 AM,3,2.646341,-1.3075334,9.131635
6303496,12:45:48.951 AM,3,2.6678889,-1.503858,9.138818
6303516,12:45:48.971 AM,3,2.5362077,-1.6211739,9.028685
6303541,12:45:48.996 AM,3,2.4021325,-2.4878747,9.727791
6303566,12:45:49.021 AM,3,2.5218425,-2.1359272,9.392603
6303590,12:45:49.045 AM,3,2.4979005,-2.727295,9.557803
6303606,12:45:49.061 AM,3,2.540996,-2.6698341,9.713426
6303626,12:45:49.081 AM,3,2.5697267,-2.8972833,9.557803
6303646,12:45:49.101 AM,3,2.529025,-2.8470051,9.452458
6303666,12:45:49.121 AM,3,2.562544,-2.8661587,9.497948
6303686,12:45:49.141 AM,3,2.529025,-2.918831,9.553015
6303706,12:45:49.161 AM,3,2.562544,-2.966715,9.536255
6303726,12:45:49.181 AM,3,2.598457,-2.8422167,9.502736
6303746,12:45:49.201 AM,3,2.5338135,-2.6746225,9.438093
6303766,12:45:49.221 AM,3,2.5266309,-2.753631,9.452458
6303786,12:45:49.241 AM,3,2.5673325,-2.6458921,9.502736
6303806,12:45:49.261 AM,3,2.5457847,-2.7368717,9.55062
6303826,12:45:49.281 AM,3,2.5816977,-2.442385,9.203461
6303846,12:45:49.301 AM,3,2.4883237,-2.4854805,9.29444
6303866,12:45:49.321 AM,3,2.3087587,-1.9826983,9.124453
6303886,12:45:49.341 AM,3,2.4045267,-2.1646576,9.184307
6303906,12:45:49.361 AM,3,2.0908864,-1.7552491,8.729409
6303926,12:45:49.381 AM,3,2.157924,-1.8821418,8.796447
6303946,12:45:49.401 AM,3,1.8754082,-1.5493478,8.616881
6303966,12:45:49.421 AM,3,1.9927241,-1.635539,8.590546
6303986,12:45:49.441 AM,3,1.7245734,-1.4320319,8.487595
6304006,12:45:49.461 AM,3,1.7556981,-1.5062522,8.485201
6304026,12:45:49.481 AM,3,1.7796401,-1.5134348,8.6504
6304046,12:45:49.501 AM,3,1.7844285,-1.5373768,8.62167
6304066,12:45:49.521 AM,3,1.8514661,-1.1758523,8.324789
6304086,12:45:49.541 AM,3,1.7533039,-1.3506291,8.468441
6304107,12:45:49.562 AM,3,2.2728455,-1.2931682,8.094946
6304126,12:45:49.581 AM,3,1.8897734,-1.1519103,8.288876
6304146,12:45:49.601 AM,3,2.4476223,-1.1207857,7.5035777
6304166,12:45:49.621 AM,3,2.2489035,-1.2285248,7.968053
6304186,12:45:49.641 AM,3,2.385373,-0.7425018,6.3471785
6304206,12:45:49.661 AM,3,2.490718,-0.8598177,6.8332014
6304226,12:45:49.681 AM,3,2.6271875,-1.4296377,6.2657757
6304246,12:45:49.701 AM,3,2.409315,-1.0010756,6.179584
6304268,12:45:49.723 AM,3,3.003077,-1.6738462,6.390274
6304286,12:45:49.741 AM,3,2.9264627,-1.8893244,6.663213
6304306,12:45:49.761 AM,3,3.666271,-2.4280198,6.9792476
6304326,12:45:49.781 AM,3,3.2185552,-1.7121534,6.17719
6304346,12:45:49.801 AM,3,4.2887635,-2.2771852,6.071845
6304366,12:45:49.821 AM,3,3.8889318,-2.1670518,6.3854856
6304386,12:45:49.841 AM,3,4.6143746,-2.0712838,6.244228
6304406,12:45:49.861 AM,3,4.5257893,-2.169446,6.2538047
6304426,12:45:49.881 AM,3,4.767604,-3.4240077,6.363938
6304450,12:45:49.905 AM,3,4.8322473,-2.6027966,6.2729583
6304466,12:45:49.921 AM,3,4.6885953,-3.1989527,5.6839843
6304486,12:45:49.941 AM,3,4.7005663,-3.3952773,6.1364884
6304506,12:45:49.961 AM,3,4.9088616,-3.6466684,5.997625
6304526,12:45:49.981 AM,3,4.8106995,-3.5724483,5.8491845
6304546,12:45:50.001 AM,3,5.366154,-3.8621466,5.6265235
6304566,12:45:50.021 AM,3,5.081244,-3.747225,5.717503
6304586,12:45:50.041 AM,3,5.9144263,-3.7424366,4.965724
6304606,12:45:50.061 AM,3,5.660641,-3.4790742,5.135712
6304626,12:45:50.081 AM,3,5.9144263,-4.886865,5.346402
6304646,12:45:50.101 AM,3,6.170606,-4.5253406,5.1740193
6304666,12:45:50.121 AM,3,6.2735567,-4.470274,4.561104
6304686,12:45:50.141 AM,3,6.2256727,-4.4295726,4.9585414
6304706,12:45:50.161 AM,3,6.3693247,-5.0017867,4.855591
6304726,12:45:50.181 AM,3,6.5848026,-4.8940477,4.8148894
6304746,12:45:50.201 AM,3,6.7715507,-4.8725,4.585046
6304766,12:45:50.221 AM,3,6.881684,-4.817433,4.515614
6304786,12:45:50.241 AM,3,7.0588546,-4.7647605,3.9481883
6304806,12:45:50.261 AM,3,7.3868604,-4.721665,4.235492
6304826,12:45:50.281 AM,3,7.7196546,-4.214094,2.8229134
6304846,12:45:50.301 AM,3,7.736414,-4.362535,3.4645596
6304866,12:45:50.321 AM,3,7.918373,-4.053683,2.8109424
6304886,12:45:50.341 AM,3,7.9686513,-4.1350856,2.8588264
6304906,12:45:50.361 AM,3,8.246379,-3.7568018,2.2698529
6304926,12:45:50.381 AM,3,8.112304,-3.9052422,2.6840498
6304946,12:45:50.401 AM,3,8.246379,-4.0273466,2.344073
6304966,12:45:50.421 AM,3,8.49777,-4.0369234,2.1357775
6304986,12:45:50.441 AM,3,8.907179,-3.938761,2.2578819
6305006,12:45:50.461 AM,3,9.512912,-3.9435494,2.2530935
6305026,12:45:50.481 AM,3,9.824158,-3.7855322,1.546804
6305046,12:45:50.501 AM,3,10.111462,-3.7065234,1.8197429
6305067,12:45:50.522 AM,3,10.961404,-3.2683847,1.4366707
6305086,12:45:50.541 AM,3,10.456227,-3.3761237,1.3863925
6305106,12:45:50.561 AM,3,11.145757,-3.0672717,0.9650129
6305126,12:45:50.581 AM,3,11.325322,-3.64188,1.2571056
6305146,12:45:50.601 AM,3,11.145757,-3.0672717,0.09831191
6305166,12:45:50.621 AM,3,11.071537,-2.966715,0.2515408
6305186,12:45:50.641 AM,3,10.863241,-3.081637,0.3760393
6305206,12:45:50.661 AM,3,10.463409,-2.796727,0.44068274
6305227,12:45:50.682 AM,3,9.783457,-2.6004024,0.46223056
6305246,12:45:50.701 AM,3,10.0133,-2.727295,0.2323872
6305266,12:45:50.721 AM,3,9.783457,-2.6004024,0.43589434
6305286,12:45:50.741 AM,3,9.541642,-2.3921068,0.60348845
6305306,12:45:50.761 AM,3,9.09632,-2.50224,0.6681319
6305326,12:45:50.781 AM,3,9.2687025,-3.048118,0.72798693
6305346,12:45:50.801 AM,3,9.613468,-2.7799675,0.8261492
6305366,12:45:50.821 AM,3,10.25272,-2.4375966,0.5220856
6305388,12:45:50.843 AM,3,11.468974,-3.000234,1.2475287
6305406,12:45:50.861 AM,3,11.162517,-3.4000657,1.2642882
6305426,12:45:50.881 AM,3,11.468974,-3.000234,0.7854478
6305446,12:45:50.901 AM,3,11.935843,-3.0193877,0.9793781
6305466,12:45:50.921 AM,3,12.041188,-2.796727,0.2515408
6305486,12:45:50.941 AM,3,12.041188,-3.1869817,0.7854478
6305506,12:45:50.961 AM,3,12.005276,-2.796727,0.2515408
6305526,12:45:50.981 AM,3,12.419473,-3.558083,0.6537667
6305546,12:45:51.001 AM,3,12.70917,-2.8398225,1.357662
6305566,12:45:51.021 AM,3,12.345252,-2.193388,1.2451345
6305586,12:45:51.041 AM,3,12.70917,-2.8398225,1.357662
6305606,12:45:51.061 AM,3,12.445808,-2.9738977,0.8213608
6305626,12:45:51.081 AM,3,12.565518,-3.5365353,1.108665
6305646,12:45:51.101 AM,3,12.565518,-2.8278515,0.8213608
6305666,12:45:51.121 AM,3,12.809728,-3.5365353,1.108665
6305686,12:45:51.141 AM,3,13.097032,-3.7424366,0.8453028
6305706,12:45:51.161 AM,3,12.783391,-3.0265703,0.47899
6305726,12:45:51.181 AM,3,12.783391,-3.0265703,0.6561609
6305746,12:45:51.201 AM,3,12.7474785,-3.045724,0.47899
6305766,12:45:51.221 AM,3,12.369194,-4.5971665,0.6633435
6305786,12:45:51.241 AM,3,12.050765,-3.747225,0.58672905
6305806,12:45:51.261 AM,3,12.050765,-4.139874,0.58433485
6305826,12:45:51.281 AM,3,11.643751,-3.747225,0.58672905
6305847,12:45:51.302 AM,3,11.117026,-4.295497,0.739958
6305866,12:45:51.321 AM,3,10.77705,-4.3122563,0.7423522
6305886,12:45:51.341 AM,3,10.77705,-4.3673234,0.7591116
6305906,12:45:51.361 AM,3,10.635792,-4.3122563,0.7423522
6305926,12:45:51.381 AM,3,10.482563,-4.4152074,0.8596681
6305946,12:45:51.401 AM,3,9.867253,-4.2524014,1.1397897
6305966,12:45:51.421 AM,3,9.867253,-4.2524014,1.0320506
6305986,12:45:51.441 AM,3,9.522489,-4.3936596,1.1397897
6306007,12:45:51.462 AM,3,9.2208185,-4.3912654,0.89558107
6306026,12:45:51.481 AM,3,8.73719,-4.3002853,1.1876737
6306046,12:45:51.501 AM,3,8.73719,-4.3002853,0.99374336
6306066,12:45:51.521 AM,3,8.629451,-4.446332,1.1876737
6306086,12:45:51.541 AM,3,7.9973817,-4.33141,1.3289316
6306106,12:45:51.561 AM,3,7.702895,-4.6953287,1.5779285
6306126,12:45:51.581 AM,3,7.702895,-4.518158,1.4366707
6306146,12:45:51.601 AM,3,7.47784,-4.6953287,1.5779285
6306166,12:45:51.621 AM,3,7.1857476,-4.6354737,1.8005893
6306186,12:45:51.641 AM,3,6.9367504,-4.9036245,1.9490298
6306206,12:45:51.661 AM,3,6.9367504,-4.9036245,1.9490298
6306226,12:45:51.681 AM,3,6.678177,-4.8341923,1.9610008
6306246,12:45:51.701 AM,3,6.1897597,-4.9155955,2.1740847
6306266,12:45:51.721 AM,3,5.7731686,-5.2028995,2.320131
6306286,12:45:51.741 AM,3,5.7731686,-5.2028995,2.320131
6306306,12:45:51.761 AM,3,5.521777,-5.315427,2.47336
6306326,12:45:51.781 AM,3,4.8921022,-5.4279547,2.284218
6306346,12:45:51.801 AM,3,4.731691,-5.588366,2.521244
6306366,12:45:51.821 AM,3,4.731691,-5.588366,2.521244
6306386,12:45:51.841 AM,3,4.3031287,-5.80145,3.019238
6306406,12:45:51.861 AM,3,4.616769,-5.906795,3.2658408
6306426,12:45:51.881 AM,3,4.1834188,-6.076783,3.316119
6306446,12:45:51.901 AM,3,4.3031287,-5.80145,3.019238
6306466,12:45:51.921 AM,3,4.1834188,-6.076783,3.624971
6306486,12:45:51.941 AM,3,4.248062,-5.832575,3.5435681
6306506,12:45:51.961 AM,3,3.8769608,-6.1797338,3.768623
6306526,12:45:51.981 AM,3,4.185813,-6.256348,3.624971
6306546,12:45:52.001 AM,3,3.8769608,-6.1797338,4.1205707
6306566,12:45:52.021 AM,3,3.6878188,-6.083966,3.8189013
6306586,12:45:52.041 AM,3,3.6566942,-6.064812,4.1205707
6306606,12:45:52.061 AM,3,3.4340334,-6.3138094,4.3863273
6306626,12:45:52.081 AM,3,3.2353146,-6.6609683,4.6664486
6306646,12:45:52.101 AM,3,3.2712276,-6.562806,4.5826516
6306666,12:45:52.121 AM,3,3.2353146,-6.6609683,4.965724
6306686,12:45:52.141 AM,3,3.1395466,-6.646603,4.7263036
6306706,12:45:52.161 AM,3,3.0868742,-6.6418147,4.965724
6306726,12:45:52.181 AM,3,3.1371524,-6.718429,5.2913356
6306746,12:45:52.201 AM,3,2.9408278,-6.1893106,4.8412256
6306766,12:45:52.221 AM,3,2.9839234,-6.4981627,5.013608
6306786,12:45:52.241 AM,3,2.9408278,-5.717653,5.549909
6306806,12:45:52.261 AM,3,2.9097033,-6.052841,5.430199
6306826,12:45:52.281 AM,3,3.1539118,-5.717653,5.853973
6306846,12:45:52.301 AM,3,3.0246248,-6.182128,5.8491845
6306866,12:45:52.321 AM,3,2.7373207,-5.3561287,6.22268
6306886,12:45:52.341 AM,3,2.835483,-5.612308,5.830031
6306906,12:45:52.361 AM,3,2.7373207,-5.4590793,6.8595376
6306926,12:45:52.381 AM,3,2.8498483,-5.645827,6.703914
6306948,12:45:52.403 AM,3,3.1970074,-5.432743,7.292888
6306966,12:45:52.421 AM,3,3.0294132,-5.317821,7.175572
6306986,12:45:52.441 AM,3,3.1970074,-4.7432127,7.5754037
6307006,12:45:52.461 AM,3,3.4843116,-5.1167083,7.5490675
6307026,12:45:52.481 AM,3,3.771616,-4.2212768,7.6472297
6307046,12:45:52.501 AM,3,3.783587,-4.455909,7.6831427
6307066,12:45:52.521 AM,3,4.209755,-3.6514568,7.577798
6307086,12:45:52.541 AM,3,3.999065,-3.962703,7.7813053
6307108,12:45:52.563 AM,3,4.209755,-3.488651,7.496395
6307126,12:45:52.581 AM,3,3.9799113,-3.6801872,7.5969515
6307146,12:45:52.601 AM,3,3.7787986,-3.5652657,7.3240128
6307166,12:45:52.621 AM,3,3.4675522,-3.4934394,7.4317517
6307186,12:45:52.641 AM,3,3.2305262,-3.6035728,6.888268
6307206,12:45:52.661 AM,3,3.1850364,-3.4503438,7.0726213
6307226,12:45:52.681 AM,3,3.1946132,-3.4742858,6.4309754
6307246,12:45:52.701 AM,3,3.108422,-3.6610336,6.7254624
6307266,12:45:52.721 AM,3,3.5561378,-3.5987844,6.232257
6307286,12:45:52.741 AM,3,3.3262944,-3.4623148,6.414216
6307306,12:45:52.761 AM,3,3.5561378,-3.8046858,6.2729583
6307326,12:45:52.781 AM,3,3.7452796,-3.7998974,6.2633815
6307346,12:45:52.801 AM,3,3.9296331,-3.8046858,6.1724014
6307366,12:45:52.821 AM,3,4.121169,-3.689764,6.181978
6307386,12:45:52.841 AM,3,4.185813,-3.5485063,6.244228
6307406,12:45:52.861 AM,3,4.4324155,-4.0249524,6.378303
6307426,12:45:52.881 AM,3,5.2512326,-3.8094742,6.328025
6307446,12:45:52.901 AM,3,5.0022354,-3.6370916,6.0742393
6307476,12:45:52.931 AM,3,5.9407625,-3.593996,6.3471785
6307498,12:45:52.953 AM,3,5.5864205,-3.747225,6.3328133
6307516,12:45:52.971 AM,3,6.4148145,-3.831022,6.8571434
6307536,12:45:52.991 AM,3,6.182577,-3.8022916,6.5171666
6307556,12:45:53.011 AM,3,6.9128084,-3.665822,7.055862
6307576,12:45:53.031 AM,3,6.6877537,-3.866935,7.103746
6307596,12:45:53.051 AM,3,7.64304,-3.5772367,7.364714
6307616,12:45:53.071 AM,3,7.336582,-3.5509005,7.0414968
6307636,12:45:53.091 AM,3,7.626281,-3.2540195,6.6847606
6307656,12:45:53.111 AM,3,8.253561,-4.09199,7.7621517
6307676,12:45:53.131 AM,3,7.355736,-3.6921582,6.4309754
6307696,12:45:53.151 AM,3,7.202507,-3.8621466,5.952135
6307716,12:45:53.171 AM,3,7.310246,-3.294721,6.933758
6307736,12:45:53.191 AM,3,7.5353007,-3.5963902,6.802077
6307756,12:45:53.211 AM,3,6.9487214,-3.309086,6.830807
6307776,12:45:53.231 AM,3,7.295881,-3.203741,6.950517
6307796,12:45:53.251 AM,3,6.6590233,-2.8230631,6.438158
6307816,12:45:53.271 AM,3,6.8314056,-3.143886,6.6584244
6307836,12:45:53.291 AM,3,6.4531217,-3.0050225,6.411822
6307856,12:45:53.311 AM,3,6.3908725,-2.6937761,6.495619
6307876,12:45:53.331 AM,3,6.4411507,-3.1343093,6.38788
6307896,12:45:53.351 AM,3,6.5034,-3.0864253,6.4190044
6307916,12:45:53.371 AM,3,6.642264,-3.1845875,6.426187
6307936,12:45:53.391 AM,3,6.6159277,-3.1367035,6.4309754
6307970,12:45:53.425 AM,3,6.6374755,-3.294721,6.3232365
6307996,12:45:53.451 AM,3,6.5991683,-3.3114803,6.390274
6308016,12:45:53.471 AM,3,6.8194346,-3.440767,6.304083
6308036,12:45:53.491 AM,3,6.9846344,-3.3545759,6.3974566
6308056,12:45:53.511 AM,3,7.678953,-3.5628715,6.608146
6308076,12:45:53.531 AM,3,8.186523,-3.1343093,6.3854856
6308096,12:45:53.551 AM,3,8.30384,-2.9379847,5.341614
6308116,12:45:53.571 AM,3,8.524106,-3.2995093,5.269788
6308136,12:45:53.591 AM,3,8.531289,-3.3593643,5.403863
6308156,12:45:53.611 AM,3,8.346935,-3.3019035,5.1405005
6308176,12:45:53.631 AM,3,8.09315,-3.4311903,5.5211787
6308196,12:45:53.651 AM,3,7.784298,-3.4814684,6.0431147
6308216,12:45:53.671 AM,3,7.4131966,-3.285144,5.913828
6308236,12:45:53.691 AM,3,6.78831,-3.1845875,6.1604304
6308256,12:45:53.711 AM,3,6.2448263,-3.4790742,6.246622
6308277,12:45:53.732 AM,3,6.0389247,-3.4790742,6.0407205
6308296,12:45:53.751 AM,3,5.8665423,-3.5293527,6.770952
6308316,12:45:53.771 AM,3,5.569661,-2.9858687,7.230639
6308336,12:45:53.791 AM,3,5.4643164,-2.7991211,7.199514
6308356,12:45:53.811 AM,3,5.5169888,-2.5812488,7.0367084
6308376,12:45:53.831 AM,3,5.461922,-2.7703907,6.849961
6308396,12:45:53.851 AM,3,5.6390934,-3.2899325,6.7278566
6308416,12:45:53.871 AM,3,5.7468324,-2.8901007,6.699126
6308438,12:45:53.893 AM,3,5.742044,-2.7703907,6.816442
6308456,12:45:53.911 AM,3,5.55769,-2.7943327,6.9768534
6308476,12:45:53.931 AM,3,5.5505075,-3.1223383,7.233033
6308496,12:45:53.951 AM,3,5.5385365,-3.3426049,6.91221
6308516,12:45:53.971 AM,3,5.378125,-3.239654,6.830807
6308536,12:45:53.991 AM,3,5.3206644,-3.2372599,6.756587
6308556,12:45:54.011 AM,3,5.2727804,-3.2635963,6.6584244
6308576,12:45:54.031 AM,3,5.0166006,-3.3114803,6.6967316
6308596,12:45:54.051 AM,3,4.8011227,-3.3593643,6.5865984
6308616,12:45:54.071 AM,3,4.4898763,-3.2109237,6.4692826
6308636,12:45:54.091 AM,3,4.4108677,-3.0289645,5.9952307
6308656,12:45:54.111 AM,3,4.164265,-3.107973,5.8874917
6308676,12:45:54.131 AM,3,3.8841434,-2.8134863,5.8946743
6308696,12:45:54.151 AM,3,4.0637083,-2.8493993,5.7989063
6308716,12:45:54.171 AM,3,4.1594768,-2.9236195,5.8228483
6308737,12:45:54.192 AM,3,4.3127055,-2.8757355,5.8467903
6308756,12:45:54.211 AM,3,4.616769,-3.3042977,6.2418337
6308776,12:45:54.231 AM,3,4.7628155,-3.5485063,6.3256307
6308796,12:45:54.251 AM,3,5.1099744,-4.0632596,6.4788594
6308816,12:45:54.271 AM,3,5.5648727,-4.2571898,6.744616
6308837,12:45:54.292 AM,3,5.8545713,-4.2907085,7.0654387
6308856,12:45:54.311 AM,3,5.8449945,-4.261978,7.0630445
6308876,12:45:54.331 AM,3,5.969493,-4.448726,6.842778
6308896,12:45:54.351 AM,3,6.206519,-4.8796825,7.118111
6308916,12:45:54.371 AM,3,6.043713,-4.2571898,6.9792476
6308936,12:45:54.391 AM,3,5.9647045,-3.8645408,6.4046392
6308956,12:45:54.411 AM,3,5.8952727,-4.419996,6.4046392
6308976,12:45:54.431 AM,3,5.7588034,-5.0472765,6.6249056
6308996,12:45:54.451 AM,3,5.5888147,-5.4231663,6.584204
6309016,12:45:54.471 AM,3,5.042937,-4.944326,6.1724014
6309036,12:45:54.491 AM,3,4.951957,-5.2412066,6.021567
6309056,12:45:54.511 AM,3,5.093215,-6.1533976,6.246622
6309076,12:45:54.531 AM,3,5.093215,-6.560412,6.524349
6309096,12:45:54.551 AM,3,4.971111,-6.407183,6.555474
6309116,12:45:54.571 AM,3,5.160253,-6.2826843,6.5387144
6309136,12:45:54.591 AM,3,5.2129254,-6.538864,6.569839
6309156,12:45:54.611 AM,3,5.1626472,-6.438308,6.3136597
6309178,12:45:54.633 AM,3,5.5169888,-6.3066263,6.0909986
6309196,12:45:54.651 AM,3,5.64867,-6.0911484,5.853973
6309216,12:45:54.671 AM,3,5.622334,-5.7727194,5.633706
6309236,12:45:54.691 AM,3,5.643882,-5.382465,5.2913356
6309256,12:45:54.711 AM,3,5.6893716,-5.5069633,5.193173
6309276,12:45:54.731 AM,3,5.5864205,-5.3752823,4.977695
6309296,12:45:54.751 AM,3,5.727679,-5.2052937,4.8508024
6309316,12:45:54.771 AM,3,5.873725,-4.980239,4.671237
6309336,12:45:54.791 AM,3,5.9766755,-4.7743373,4.6425066
6309356,12:45:54.811 AM,3,6.2448263,-4.5995607,4.4629416
6309376,12:45:54.831 AM,3,6.3908725,-4.4415436,4.21155
6309396,12:45:54.851 AM,3,6.2615857,-3.9674914,3.9864955
6309436,12:45:54.891 AM,3,6.836194,-3.8693292,4.1421185
6309456,12:45:54.911 AM,3,6.5010056,-3.8765118,4.1756372
6309476,12:45:54.931 AM,3,6.943933,-3.179799,4.417452
6309496,12:45:54.951 AM,3,7.128287,-4.0488944,4.518008
6309516,12:45:54.971 AM,3,5.900061,-2.8637645,3.565116
6309536,12:45:54.991 AM,3,6.45791,-2.8134863,3.8236897
6309556,12:45:55.011 AM,3,6.9367504,-3.3521817,4.9369936
6309576,12:45:55.031 AM,3,6.2232785,-3.333028,4.3671737
6309596,12:45:55.051 AM,3,6.704513,-2.8182747,4.158878
6309616,12:45:55.071 AM,3,7.157017,-3.1343093,4.4844894
6309636,12:45:55.091 AM,3,5.1674356,-2.6339211,4.429423
6309656,12:45:55.111 AM,3,5.9431567,-2.6578631,4.1157823
6309676,12:45:55.131 AM,3,5.876119,-3.215712,4.7646112
6309696,12:45:55.151 AM,3,5.0381484,-2.6387095,4.7574286
6309716,12:45:55.171 AM,3,7.07322,-2.5118167,4.146907
6309736,12:45:55.191 AM,3,6.7954926,-2.940379,4.494066
6309756,12:45:55.211 AM,3,6.9606924,-2.4160488,4.2498574
6309776,12:45:55.231 AM,3,6.979846,-2.5429416,4.300136
6309796,12:45:55.251 AM,3,7.4131966,-2.6818051,4.0200143
6309816,12:45:55.271 AM,3,7.0085764,-2.3561938,4.2019734
6309836,12:45:55.291 AM,3,7.702895,-2.442385,4.0918403
6309856,12:45:55.311 AM,3,7.4706573,-2.5094225,3.9122753
6309876,12:45:55.331 AM,3,9.065196,-3.0050225,4.0918403
6309896,12:45:55.351 AM,3,8.30384,-2.5908256,3.991284
6309916,12:45:55.371 AM,3,10.516082,-3.1151557,3.8428433
6309936,12:45:55.391 AM,3,9.86486,-3.155857,4.113388
6309956,12:45:55.411 AM,3,10.997316,-3.0648775,3.433435
6309976,12:45:55.431 AM,3,10.8369055,-3.165434,3.5842695
6309996,12:45:55.451 AM,3,10.619033,-2.8829181,3.3065422
6310016,12:45:55.471 AM,3,10.796204,-2.9212253,3.340061
6310036,12:45:55.491 AM,3,10.652552,-3.3976715,3.2155626
6310056,12:45:55.511 AM,3,10.817752,-3.141492,3.1557074
6310076,12:45:55.531 AM,3,10.935067,-2.880524,3.4358292
6310096,12:45:55.551 AM,3,10.511293,-2.6937761,3.3616087
6310116,12:45:55.571 AM,3,11.162517,-3.0983963,3.2754176
6310136,12:45:55.591 AM,3,11.13618,-2.6578631,3.2969654
6310156,12:45:55.611 AM,3,11.430667,-3.5197759,3.5196261
6310176,12:45:55.631 AM,3,11.193641,-3.249231,3.4286466
6310196,12:45:55.651 AM,3,11.337294,-3.2564137,3.4741364
6310216,12:45:55.671 AM,3,11.447427,-3.239654,3.577087
6310236,12:45:55.691 AM,3,11.39236,-3.5963902,3.5315971
6310256,12:45:55.711 AM,3,11.334899,-3.4144309,3.3807623
6310276,12:45:55.731 AM,3,11.354053,-3.4335845,3.577087
6310296,12:45:55.751 AM,3,11.397148,-3.2755673,3.3017538
6310316,12:45:55.771 AM,3,11.457004,-3.605967,3.7374985
6310336,12:45:55.791 AM,3,11.430667,-3.747225,3.7973535
6310357,12:45:55.812 AM,3,11.63178,-3.9603088,3.6752493
6310376,12:45:55.831 AM,3,11.591079,-3.7424366,3.613
6310396,12:45:55.851 AM,3,11.504888,-4.3481693,3.991284
6310416,12:45:55.871 AM,3,11.457004,-4.0369234,3.864391
6310436,12:45:55.891 AM,3,10.975769,-4.13748,3.9386115
6310456,12:45:55.911 AM,3,11.457004,-4.2667665,3.8835447
6310476,12:45:55.931 AM,3,10.156952,-4.5253406,4.0367737
6310496,12:45:55.951 AM,3,10.614244,-4.271555,4.1181765
6310516,12:45:55.971 AM,3,9.194483,-4.4654856,3.742287
6310536,12:45:55.991 AM,3,9.579949,-4.5397058,3.9649477
6310556,12:45:56.011 AM,3,8.045266,-4.3266215,3.6920087
6310576,12:45:56.031 AM,3,8.528894,-4.319439,3.5675101
6310596,12:45:56.051 AM,3,7.247997,-4.5708303,3.895516
6310617,12:45:56.072 AM,3,7.578397,-4.388871,3.8356607
6310636,12:45:56.091 AM,3,6.443545,-4.1925464,3.6537015
6310656,12:45:56.111 AM,3,6.850559,-4.178181,3.6991913
6310676,12:45:56.131 AM,3,5.873725,-4.4630914,3.802142
6310696,12:45:56.151 AM,3,6.156241,-4.343381,3.816507
6310716,12:45:56.171 AM,3,5.4667106,-4.3936596,3.9242463
6310737,12:45:56.192 AM,3,5.658247,-4.2667665,3.7758057
6310756,12:45:56.211 AM,3,4.9088616,-4.968268,4.089446
6310776,12:45:56.231 AM,3,5.222502,-4.9275665,3.89791
6310796,12:45:56.251 AM,3,4.695778,-4.807856,4.321684
6310816,12:45:56.271 AM,3,4.7723923,-4.5828013,4.259434
6310836,12:45:56.291 AM,3,4.3605895,-5.296273,4.515614
6310856,12:45:56.311 AM,3,4.521001,-5.2124763,4.573075
6310876,12:45:56.331 AM,3,4.317494,-5.5476646,4.848408
6310896,12:45:56.351 AM,3,4.3462243,-5.4638677,4.6664486
6310916,12:45:56.371 AM,3,4.197784,-5.856517,4.9848776
6310936,12:45:56.391 AM,3,4.295946,-5.897218,4.7670054
6310956,12:45:56.411 AM,3,4.140323,-5.693711,5.2266917
6310976,12:45:56.431 AM,3,4.248062,-5.7511716,5.011214
6310996,12:45:56.451 AM,3,4.2193317,-5.7607484,5.3009124
6311016,12:45:56.471 AM,3,4.2408795,-5.7152586,5.245846
6311036,12:45:56.491 AM,3,4.1714478,-5.5548472,5.511602
6311057,12:45:56.512 AM,3,4.094833,-5.7032876,5.379921
6311076,12:45:56.531 AM,3,4.0900445,-5.5596356,5.6361003
6311096,12:45:56.551 AM,3,4.1594768,-5.59076,5.6289177
6311116,12:45:56.571 AM,3,3.9918823,-5.384859,5.961712
6311136,12:45:56.591 AM,3,4.0517373,-5.4973865,5.72708
6311157,12:45:56.612 AM,3,3.7740102,-5.2268414,5.9114337
6311176,12:45:56.631 AM,3,3.987094,-5.2172647,5.865944
6311198,12:45:56.653 AM,3,3.6447232,-4.8461637,6.01199
6311216,12:45:56.671 AM,3,3.690213,-5.0951605,5.9186163
6311236,12:45:56.691 AM,3,3.6590884,-4.6594157,6.4070334
6311256,12:45:56.711 AM,3,3.6543,-4.7264533,6.292112
6311276,12:45:56.731 AM,3,3.513042,-4.850952,6.2897177
6311296,12:45:56.751 AM,3,3.53459,-4.458303,6.1604304
6311316,12:45:56.771 AM,3,3.726126,-4.2452188,6.7637696
6311336,12:45:56.791 AM,3,3.5633204,-4.5612535,6.7254624
6311356,12:45:56.811 AM,3,3.6399348,-4.0034046,6.620117
6311376,12:45:56.831 AM,3,3.6997898,-4.209306,6.699126
6311396,12:45:56.851 AM,3,3.7069724,-4.360141,7.0367084
6311416,12:45:56.871 AM,3,3.6614826,-4.307468,6.7254624
6311436,12:45:56.891 AM,3,3.9535751,-4.491822,7.6304703
6311456,12:45:56.911 AM,3,3.8218942,-4.345775,7.300071
6311476,12:45:56.931 AM,3,4.1283517,-4.554071,7.6975083
6311496,12:45:56.951 AM,3,3.9703345,-4.479851,7.640047
6311516,12:45:56.971 AM,3,4.1594768,-4.3026795,8.061427
6311538,12:45:56.993 AM,3,4.140323,-4.443938,7.9512935
6311556,12:45:57.011 AM,3,4.164265,-4.154239,7.81243
6311576,12:45:57.031 AM,3,4.1427174,-4.1326914,7.908198
6311596,12:45:57.051 AM,3,4.1163807,-3.783138,7.7741227
6311617,12:45:57.072 AM,3,4.0541315,-3.9555204,7.8172183
6311636,12:45:57.091 AM,3,4.0277953,-3.6035728,7.6999025
6311656,12:45:57.111 AM,3,4.121169,-3.7783496,7.8770733
6311676,12:45:57.131 AM,3,3.8123174,-3.4838626,7.2881
6311696,12:45:57.151 AM,3,3.9009027,-3.5269585,7.5251255
6311716,12:45:57.171 AM,3,3.7045782,-3.5628715,7.3192244
6311736,12:45:57.191 AM,3,3.7692215,-3.8238394,7.340772
6311756,12:45:57.211 AM,3,3.750068,-3.5054107,7.0007954
6311776,12:45:57.231 AM,3,3.8290768,-3.510199,7.154024
6311796,12:45:57.251 AM,3,3.8506246,-3.7663786,7.034314
6311816,12:45:57.271 AM,3,3.8027406,-3.5987844,7.0175548
6311836,12:45:57.291 AM,3,4.1786304,-4.173393,7.209091
6311856,12:45:57.311 AM,3,3.9918823,-4.041712,7.1683893
6311876,12:45:57.331 AM,3,4.4300213,-4.175787,6.900239
6311896,12:45:57.351 AM,3,4.331859,-4.0967784,7.127688
6311917,12:45:57.372 AM,3,4.556914,-4.9634795,6.794894
6311936,12:45:57.391 AM,3,4.5186067,-4.479851,6.6225114
6311956,12:45:57.411 AM,3,4.662259,-4.886865,6.464494
6311976,12:45:57.431 AM,3,4.6526823,-4.9730563,6.639271
6311996,12:45:57.451 AM,3,4.8729486,-5.0951605,6.3830914
6312016,12:45:57.471 AM,3,4.8609776,-5.2052937,6.5171666
6312036,12:45:57.491 AM,3,4.595221,-5.0616417,6.390274
6312056,12:45:57.511 AM,3,4.734085,-4.9012303,6.155642
6312076,12:45:57.531 AM,3,4.7891517,-4.7671547,5.9952307
6312096,12:45:57.551 AM,3,4.758027,-4.958691,6.1724014
6312116,12:45:57.571 AM,3,4.791546,-4.374506,5.9712887
6312136,12:45:57.591 AM,3,4.647894,-4.733636,6.0909986
6312156,12:45:57.611 AM,3,5.0381484,-4.2069116,5.8156657
6312176,12:45:57.631 AM,3,4.8968906,-4.1207204,5.7438397
6312196,12:45:57.651 AM,3,5.0764556,-3.629909,5.4948425
6312216,12:45:57.671 AM,3,5.0884266,-3.9052422,5.6001873
6312236,12:45:57.691 AM,3,6.079626,-4.2763433,5.9928365
6312256,12:45:57.711 AM,3,5.232079,-3.6155438,5.6241293
6312276,12:45:57.731 AM,3,6.6231103,-4.2931027,6.256199
6312296,12:45:57.751 AM,3,6.2017307,-4.0393176,6.842778
6312316,12:45:57.771 AM,3,7.334188,-4.3361983,6.023961
6312336,12:45:57.791 AM,3,6.922385,-4.5421,6.155642
6312356,12:45:57.811 AM,3,7.9710455,-4.408025,6.6368766
6312377,12:45:57.832 AM,3,8.121881,-4.566042,6.5387144
6312396,12:45:57.851 AM,3,7.796269,-4.3912654,6.402245
6312416,12:45:57.871 AM,3,7.9973817,-4.7312417,6.596175
6312436,12:45:57.891 AM,3,7.4969935,-4.2643723,6.5530796
6312456,12:45:57.911 AM,3,7.686136,-4.065654,6.234651
6312476,12:45:57.931 AM,3,6.9726634,-4.2931027,6.2729583
6312496,12:45:57.951 AM,3,7.202507,-4.283526,6.3854856
6312516,12:45:57.971 AM,3,6.991817,-4.125509,5.9305873
6312536,12:45:57.991 AM,3,6.881684,-4.2571898,6.153248
6312556,12:45:58.011 AM,3,7.0229416,-4.056077,5.4948425
6312576,12:45:58.031 AM,3,7.0468836,-4.0608654,5.691167
6312596,12:45:58.051 AM,3,7.492205,-3.92679,5.24824
6312616,12:45:58.071 AM,3,7.188142,-4.010587,5.44217
6312636,12:45:58.091 AM,3,7.7220488,-3.7975032,4.9010806
6312656,12:45:58.111 AM,3,7.5305123,-3.8645408,5.2554226
6312676,12:45:58.131 AM,3,7.583185,-3.9794624,4.869956
6312696,12:45:58.151 AM,3,7.748385,-3.9722798,4.8627734
6312716,12:45:58.171 AM,3,7.3988314,-4.080019,4.5826516
6312736,12:45:58.191 AM,3,7.456292,-3.819051,4.5706806
6312756,12:45:58.211 AM,3,7.250391,-4.2524014,4.965724
6312776,12:45:58.231 AM,3,7.3054576,-4.520552,4.8651676
6312796,12:45:58.251 AM,3,7.092374,-4.33141,5.0567036
6312816,12:45:58.271 AM,3,7.204901,-4.09199,5.016002
6312836,12:45:58.291 AM,3,7.1211042,-4.5397058,5.370344
6312856,12:45:58.311 AM,3,7.0205474,-4.4535146,5.1883845
6312876,12:45:58.331 AM,3,6.919991,-4.7432127,5.657648
6312896,12:45:58.351 AM,3,7.116316,-4.5875897,5.406257
6312916,12:45:58.371 AM,3,6.8553476,-4.7647605,5.3248544
6312936,12:45:58.391 AM,3,6.8409824,-4.697723,5.4469585
6312956,12:45:58.411 AM,3,6.5584664,-4.8772883,5.5187845
6312978,12:45:58.433 AM,3,6.6494465,-4.6211085,5.298518
6312996,12:45:58.451 AM,3,6.228067,-4.6211085,5.6241293
6313017,12:45:58.472 AM,3,6.479458,-4.9132013,5.6959553
6313036,12:45:58.491 AM,3,6.017377,-5.090372,5.4565353
6313056,12:45:58.511 AM,3,6.043713,-4.604349,5.3511906
6313076,12:45:58.531 AM,3,5.9383683,-4.640262,6.0862103
6313096,12:45:58.551 AM,3,5.912032,-4.850952,5.8036947
6313116,12:45:58.571 AM,3,5.742044,-4.920384,5.8707323
6313136,12:45:58.591 AM,3,5.8186584,-4.793491,5.8348193
6313156,12:45:58.611 AM,3,5.5265656,-4.0608654,5.9569235
6313176,12:45:58.631 AM,3,5.5050178,-4.271555,5.9186163
6313196,12:45:58.651 AM,3,5.2608094,-4.1686044,5.9569235
6313216,12:45:58.671 AM,3,5.411644,-4.16621,5.928193
6313236,12:45:58.691 AM,3,5.1099744,-3.4790742,6.0024133
6313256,12:45:58.711 AM,3,5.0142064,-3.6873698,5.9114337
6313276,12:45:58.731 AM,3,4.8585835,-3.1343093,6.0167785
6313296,12:45:58.751 AM,3,5.042937,-3.3378165,5.976077
6313316,12:45:58.771 AM,3,4.8226705,-3.273173,6.4788594
6313336,12:45:58.791 AM,3,4.925621,-3.1582513,6.1149406
6313356,12:45:58.811 AM,3,5.3086934,-3.2683847,6.687155
6313376,12:45:58.831 AM,3,5.035754,-2.978686,6.593781
6313396,12:45:58.851 AM,3,4.9663224,-2.892495,6.6608186
6313416,12:45:58.871 AM,3,5.1003976,-3.321057,6.806865
6313436,12:45:58.891 AM,3,5.294328,-3.7496192,6.888268
6313456,12:45:58.911 AM,3,5.184195,-3.2205005,6.5147724
6313476,12:45:58.931 AM,3,5.0501194,-3.8525698,6.766164
6313496,12:45:58.951 AM,3,5.1865892,-3.9674914,6.7996826
6313516,12:45:58.971 AM,3,5.270386,-4.3170447,7.046285
6313536,12:45:58.991 AM,3,5.1315227,-3.9914336,6.8332014
6313558,12:45:59.013 AM,3,5.222502,-3.9004538,6.2729583
6313576,12:45:59.031 AM,3,5.301511,-4.2284594,6.782923
6313596,12:45:59.051 AM,3,5.366154,-4.161422,5.928193
6313616,12:45:59.071 AM,3,5.3206644,-4.118326,5.976077
6313636,12:45:59.091 AM,3,4.9328036,-4.0967784,5.1979613
6313656,12:45:59.111 AM,3,5.1410995,-4.1686044,5.5187845
6313677,12:45:59.132 AM,3,4.5856442,-4.6833577,4.5204024
6313696,12:45:59.151 AM,3,4.71972,-4.3792944,4.884321
6313717,12:45:59.172 AM,3,4.904073,-5.5835776,4.683208
6313736,12:45:59.191 AM,3,4.710143,-5.1645923,4.6664486
6313756,12:45:59.211 AM,3,5.2488384,-6.2611365,4.0008607
6313776,12:45:59.231 AM,3,5.0860324,-6.08636,4.3168955
6313796,12:45:59.251 AM,3,5.229685,-6.7088523,3.5794811
6313816,12:45:59.271 AM,3,5.354183,-6.526893,3.742287
6313836,12:45:59.291 AM,3,5.136311,-6.902783,3.5244145
6313856,12:45:59.311 AM,3,5.081244,-6.8237743,3.4501944
6313880,12:45:59.335 AM,3,5.4044614,-6.2635307,3.304148
6313896,12:45:59.351 AM,3,5.361366,-6.6250553,3.4382234
6313916,12:45:59.371 AM,3,5.1003976,-5.4518967,2.8157308
6313936,12:45:59.391 AM,3,5.1746182,-5.6769514,3.1126118
6313956,12:45:59.411 AM,3,5.8545713,-5.315427,3.1940148
6313976,12:45:59.431 AM,3,5.4643164,-5.320215,2.6433482
6313996,12:45:59.451 AM,3,5.947945,-5.23163,3.1700728
6314016,12:45:59.471 AM,3,6.079626,-5.272331,3.1820438
6314036,12:45:59.491 AM,3,6.3645363,-5.2890906,3.4286466
6314056,12:45:59.511 AM,3,6.0461073,-5.042488,3.1916206
6314076,12:45:59.531 AM,3,7.02773,-4.5971665,3.4406176
6314096,12:45:59.551 AM,3,6.680571,-4.7144823,3.3376667
6314116,12:45:59.571 AM,3,7.880066,-4.2332478,3.5722985
6314136,12:45:59.591 AM,3,7.310246,-4.5828013,3.5579333
6314156,12:45:59.611 AM,3,8.394819,-4.3290157,3.790171
6314176,12:45:59.631 AM,3,8.428338,-4.187758,3.4262524
6314196,12:45:59.651 AM,3,8.823381,-5.3513403,3.639336
6314216,12:45:59.671 AM,3,8.5600195,-4.712088,3.624971
6314236,12:45:59.691 AM,3,8.780286,-5.0209403,4.3887215
6314256,12:45:59.711 AM,3,8.667758,-5.602731,4.264223
6314276,12:45:59.731 AM,3,9.048436,-5.076007,4.1397243
6314296,12:45:59.751 AM,3,9.208848,-5.0353055,4.2833767
6314316,12:45:59.771 AM,3,8.981399,-4.6450505,4.2163386
6314336,12:45:59.791 AM,3,9.089138,-5.0951605,4.0918403
6314356,12:45:59.811 AM,3,9.453056,-4.793491,4.3647795
6314376,12:45:59.831 AM,3,9.239972,-4.748001,4.405481
6314396,12:45:59.851 AM,3,9.417144,-4.625897,4.0439563
6314416,12:45:59.871 AM,3,9.347712,-4.578013,4.1325417
6314436,12:45:59.891 AM,3,9.862465,-4.436755,4.680814
6314456,12:45:59.911 AM,3,9.910349,-4.920384,4.0942345
6314476,12:45:59.931 AM,3,9.716418,-4.130297,4.101417
6314497,12:45:59.952 AM,3,10.094703,-4.8150387,4.405481
6314516,12:45:59.971 AM,3,9.838523,-4.2763433,4.501249
6314536,12:45:59.991 AM,3,9.6589575,-4.1111436,4.0559273
6314556,12:46:00.011 AM,3,9.11308,-4.6115317,4.134936
6314576,12:46:00.031 AM,3,9.508123,-4.5133696,4.6401124
6314597,12:46:00.052 AM,3,8.727613,-4.2643723,4.053533
6314616,12:46:00.071 AM,3,8.794651,-4.2284594,3.945794
6314636,12:46:00.091 AM,3,8.646211,-4.3266215,3.981707
6314656,12:46:00.111 AM,3,8.581567,-3.9172132,4.1684546
6314676,12:46:00.131 AM,3,8.677335,-4.3769,3.8069303
6314696,12:46:00.151 AM,3,8.392426,-3.9866452,3.7758057
6314716,12:46:00.171 AM,3,9.749937,-4.6905403,4.1876082
6314737,12:46:00.192 AM,3,9.09632,-4.5492826,4.0104375
6314756,12:46:00.211 AM,3,10.484958,-5.269937,4.419846
6314777,12:46:00.232 AM,3,10.178499,-4.9969983,4.261829
6314796,12:46:00.251 AM,3,10.721983,-5.526117,4.369568
6314816,12:46:00.271 AM,3,10.717195,-5.147833,4.134936
6314836,12:46:00.291 AM,3,9.826552,-5.4231663,4.5587096
6314856,12:46:00.311 AM,3,10.202441,-5.621885,4.5706806
6314876,12:46:00.331 AM,3,9.826552,-5.394436,4.3791447
6314896,12:46:00.351 AM,3,9.723601,-5.454291,4.4868836
6314916,12:46:00.371 AM,3,9.007735,-5.3441577,4.2905593
6314936,12:46:00.391 AM,3,9.354895,-5.5213284,4.3791447
6314956,12:46:00.411 AM,3,8.248773,-5.7032876,4.2163386
6314976,12:46:00.431 AM,3,8.739584,-5.674557,4.3049245
6314996,12:46:00.451 AM,3,7.3293996,-5.813421,4.18282
6315016,12:46:00.471 AM,3,7.652617,-5.8110266,4.1516953
6315036,12:46:00.491 AM,3,7.3293996,-5.7152586,4.3288665
6315056,12:46:00.511 AM,3,7.030124,-5.68174,4.2259154
6315076,12:46:00.531 AM,3,6.7476087,-5.4375315,4.1205707
6315096,12:46:00.551 AM,3,6.419603,-5.59076,4.185214
6315116,12:46:00.571 AM,3,5.330241,-5.526117,4.25704
6315136,12:46:00.591 AM,3,5.6989484,-5.1765633,3.895516
6315156,12:46:00.611 AM,3,4.887314,-5.4854155,4.3863273
6315176,12:46:00.631 AM,3,5.0980034,-5.5069633,4.25704
6315197,12:46:00.652 AM,3,4.3222823,-5.006575,4.1301475
6315216,12:46:00.671 AM,3,4.511424,-5.39683,4.242675
6315236,12:46:00.691 AM,3,4.3222823,-5.006575,4.369568
6315256,12:46:00.711 AM,3,4.130746,-5.0831895,4.312107
6315276,12:46:00.731 AM,3,3.8242884,-5.2651486,4.589834
6315296,12:46:00.751 AM,3,3.6399348,-5.3393693,4.4629416
6315316,12:46:00.771 AM,3,3.5058594,-5.3537345,4.7263036
6315336,12:46:00.791 AM,3,3.4460044,-5.183746,4.51322
6315356,12:46:00.811 AM,3,3.3430538,-5.585972,4.903475
6315376,12:46:00.831 AM,3,3.2927756,-5.444714,4.745457
6315396,12:46:00.851 AM,3,3.1515176,-5.770325,5.2649994
6315416,12:46:00.871 AM,3,3.1587002,-5.602731,5.1788077
6315436,12:46:00.891 AM,3,3.3382654,-5.770325,5.286547
6315456,12:46:00.911 AM,3,3.4220624,-5.856517,5.284153
6315476,12:46:00.931 AM,3,3.36939,-5.9115834,5.5331497
6315496,12:46:00.951 AM,3,3.3550248,-6.024111,5.427805
6315516,12:46:00.971 AM,3,3.3406596,-6.2850785,5.7246857
6315536,12:46:00.991 AM,3,3.4220624,-6.3640876,5.7246857
6315556,12:46:01.011 AM,3,3.4340334,-6.28029,5.6121583
6315578,12:46:01.033 AM,3,3.2544682,-6.4239426,5.7007437
6315596,12:46:01.051 AM,3,3.2424972,-6.4742208,5.93777
6315616,12:46:01.071 AM,3,3.168277,-6.5077395,5.8276367
6315636,12:46:01.091 AM,3,3.072509,-6.354511,5.8132715
6315656,12:46:01.111 AM,3,3.216161,-6.4454904,6.009596
6315676,12:46:01.131 AM,3,3.2377088,-6.354511,5.8372135
6315696,12:46:01.151 AM,3,3.240103,-6.301838,5.865944
6315716,12:46:01.171 AM,3,3.3406596,-6.3138094,6.244228
6315736,12:46:01.191 AM,3,3.4507928,-6.2587423,6.1269116
6315756,12:46:01.211 AM,3,3.5657146,-6.2491655,5.9569235
6315776,12:46:01.231 AM,3,3.7237318,-6.2132525,6.119729
6315796,12:46:01.251 AM,3,3.8027406,-6.0336876,6.2083144
6315816,12:46:01.271 AM,3,3.8817492,-5.8900356,6.0742393
6315836,12:46:01.291 AM,3,4.011036,-5.8253922,6.134094
6315856,12:46:01.311 AM,3,3.9918823,-5.5476646,6.1245174
6315876,12:46:01.331 AM,3,3.9607577,-5.3680997,6.306477
6315896,12:46:01.351 AM,3,4.037372,-5.076007,6.3352075
6315916,12:46:01.371 AM,3,4.0086417,-4.8533463,6.3232365
6315936,12:46:01.391 AM,3,3.8841434,-4.805462,6.2657757
6315956,12:46:01.411 AM,3,3.8410478,-4.805462,7.0127664
6315976,12:46:01.431 AM,3,3.8625956,-4.709694,6.754193
6315996,12:46:01.451 AM,3,3.891326,-4.805462,7.3120418
6316016,12:46:01.471 AM,3,4.05892,-4.7503953,7.1444473
6316036,12:46:01.491 AM,3,4.1929955,-4.7168765,7.3934445
6316056,12:46:01.511 AM,3,4.281581,-4.7503953,7.3072534
6316076,12:46:01.531 AM,3,4.293552,-4.7144823,7.4293575
6316096,12:46:01.551 AM,3,4.281581,-4.757578,7.4652705
6316116,12:46:01.571 AM,3,4.1235633,-4.446332,7.364714
6316136,12:46:01.591 AM,3,3.9655461,-4.544494,7.4389343
6316156,12:46:01.611 AM,3,3.7524621,-4.106355,7.2952824
6316176,12:46:01.631 AM,3,3.7644331,-4.3385925,7.3192244
6316196,12:46:01.651 AM,3,3.7524621,-4.106355,7.022343
6316216,12:46:01.671 AM,3,3.606416,-4.070442,7.1683893
6316236,12:46:01.691 AM,3,3.6088102,-3.996222,7.022343
6316256,12:46:01.711 AM,3,3.5513494,-4.1709986,7.007978
6316276,12:46:01.731 AM,3,3.6399348,-4.2547956,6.8332014
6316296,12:46:01.751 AM,3,3.7859812,-4.197335,6.780529
6316316,12:46:01.771 AM,3,3.963152,-4.1949406,6.691943
6316336,12:46:01.791 AM,3,4.130746,-4.372112,6.897845
6316356,12:46:01.811 AM,3,4.4348097,-4.319439,6.7757406
6316376,12:46:01.831 AM,3,4.5784616,-4.5109754,6.6703954
6316396,12:46:01.851 AM,3,4.650288,-4.520552,6.7757406
6316416,12:46:01.871 AM,3,4.877737,-4.7144823,6.897845
6316436,12:46:01.891 AM,3,5.0142064,-4.6713867,6.742222
6316456,12:46:01.911 AM,3,4.937592,-4.6306853,6.629694
6316476,12:46:01.931 AM,3,4.971111,-4.7527895,6.639271
6316496,12:46:01.951 AM,3,4.8130937,-4.7671547,6.6105404
6316516,12:46:01.971 AM,3,4.6095862,-4.700117,6.4621
6316536,12:46:01.991 AM,3,4.635923,-4.652233,6.4166102
6316556,12:46:02.011 AM,3,4.6766243,-4.6187143,6.3854856
6316576,12:46:02.031 AM,3,4.595221,-4.4750624,6.423793
6316597,12:46:02.052 AM,3,4.999841,-4.7049055,6.6009636
6316616,12:46:02.071 AM,3,4.683807,-4.5133696,6.5746274
6316636,12:46:02.091 AM,3,5.145888,-4.2691607,6.375909
6316656,12:46:02.111 AM,3,5.0980034,-4.3266215,6.435764
6316676,12:46:02.131 AM,3,5.145888,-4.3409867,6.339996
6316696,12:46:02.151 AM,3,5.313482,-4.455909,6.423793
6316716,12:46:02.171 AM,3,5.610363,-4.1111436,6.0502973
6316736,12:46:02.191 AM,3,5.445163,-4.247613,6.2897177
6316756,12:46:02.211 AM,3,5.9670987,-4.3050737,5.6504655
6316776,12:46:02.231 AM,3,5.6989484,-4.185364,5.8372135
6316796,12:46:02.251 AM,3,7.1642,-4.6091375,6.5889926
6316816,12:46:02.271 AM,3,6.3908725,-4.321833,5.7246857
6316836,12:46:02.291 AM,3,7.1642,-4.8270097,5.853973
6316856,12:46:02.311 AM,3,6.8673186,-4.3146505,6.6344824
6316876,12:46:02.331 AM,3,7.4275618,-4.458303,5.940164
6316896,12:46:02.351 AM,3,7.0444894,-4.7072997,5.286547
6316916,12:46:02.371 AM,3,7.4275618,-4.458303,5.940164
6316936,12:46:02.391 AM,3,7.3293996,-4.118326,6.20592
6316957,12:46:02.412 AM,3,6.9008374,-4.333804,6.0670567
6316976,12:46:02.431 AM,3,7.030124,-4.115932,6.5051956
6316996,12:46:02.451 AM,3,6.9008374,-4.333804,6.0670567
6317016,12:46:02.471 AM,3,6.8266172,-4.068048,5.985654
6317036,12:46:02.491 AM,3,6.6350813,-3.902848,6.1867666
6317056,12:46:02.511 AM,3,6.5321302,-3.8334162,6.1843724
6317076,12:46:02.531 AM,3,6.57762,-4.0512886,6.0742393
6317096,12:46:02.551 AM,3,6.7332435,-4.127903,6.234651
6317116,12:46:02.571 AM,3,7.1833534,-4.352958,6.234651
6317136,12:46:02.591 AM,3,7.5472717,-4.068048,6.05748
6317156,12:46:02.611 AM,3,7.726837,-3.914819,5.842002
6317176,12:46:02.631 AM,3,8.119486,-4.2883143,6.280141
6317196,12:46:02.651 AM,3,8.4642515,-3.9052422,5.715109
6317216,12:46:02.671 AM,3,8.069208,-3.8166568,5.6025815
6317236,12:46:02.691 AM,3,7.6933184,-3.9052422,5.715109
6317256,12:46:02.711 AM,3,7.6358576,-4.173393,5.9545293
6317276,12:46:02.731 AM,3,7.528118,-3.914819,6.081422
6317296,12:46:02.751 AM,3,7.0899796,-3.7328596,6.1125464
6317316,12:46:02.771 AM,3,6.750003,-3.6394858,5.9305873
6317336,12:46:02.791 AM,3,6.481852,-3.842993,5.8731265
6317356,12:46:02.811 AM,3,6.3166523,-3.984251,5.9904423
6317376,12:46:02.831 AM,3,6.134693,-4.09199,6.0909986
6317396,12:46:02.851 AM,3,5.9168205,-3.8022916,5.997625
6317416,12:46:02.871 AM,3,5.6534586,-3.9579146,6.0981812
6317436,12:46:02.891 AM,3,5.8569655,-4.2524014,6.608146
6317456,12:46:02.911 AM,3,5.9862523,-4.2811317,6.4812536
6317476,12:46:02.931 AM,3,6.0101943,-4.2524014,6.608146
6317496,12:46:02.951 AM,3,5.900061,-3.9052422,6.5147724
6317516,12:46:02.971 AM,3,5.567267,-3.6562452,6.2514105
6317536,12:46:02.991 AM,3,5.5959973,-3.7089176,6.246622
6317556,12:46:03.011 AM,3,5.567267,-3.6562452,6.1628246
6317576,12:46:03.031 AM,3,5.426009,-3.6275148,6.244228
6317596,12:46:03.051 AM,3,5.136311,-3.6825814,6.316054
6317616,12:46:03.071 AM,3,4.939986,-3.8501756,6.2274685
6317636,12:46:03.091 AM,3,4.904073,-3.629909,6.282535
6317656,12:46:03.111 AM,3,5.0166006,-3.7615902,6.3376017
6317676,12:46:03.131 AM,3,4.961534,-3.629909,6.282535
6317696,12:46:03.151 AM,3,4.815488,-3.7065234,6.5411086
6317716,12:46:03.171 AM,3,4.7604213,-3.831022,6.969671
6317736,12:46:03.191 AM,3,4.7292967,-3.8884828,6.9409404
6317756,12:46:03.211 AM,3,4.5377603,-3.842993,7.276129
6317777,12:46:03.232 AM,3,4.659865,-3.8046858,6.950517
6317796,12:46:03.251 AM,3,4.5377603,-3.842993,7.276129
6317816,12:46:03.271 AM,3,4.4204445,-3.8453872,7.400627
6317836,12:46:03.291 AM,3,4.391714,-3.8884828,7.2881
6317856,12:46:03.311 AM,3,4.2648215,-4.068048,7.1947255
6317877,12:46:03.332 AM,3,4.209755,-4.1087494,7.400627
6317897,12:46:03.352 AM,3,4.061314,-3.9794624,7.374291
6317916,12:46:03.371 AM,3,4.1044097,-4.1590276,7.254581
6317936,12:46:03.391 AM,3,4.0182185,-4.2907085,7.4173865
6317956,12:46:03.411 AM,3,3.9727287,-4.2117,7.1228995
6317976,12:46:03.431 AM,3,3.9104795,-4.0512886,7.1803603
6317997,12:46:03.452 AM,3,3.8721724,-4.2643723,7.1228995
6318016,12:46:03.471 AM,3,3.6543,-4.202123,7.118111
6318036,12:46:03.491 AM,3,3.5106478,-4.103961,7.0151606
6318056,12:46:03.511 AM,3,3.4244566,-4.0872016,6.8212304
6318076,12:46:03.531 AM,3,3.2472856,-4.139874,6.663213
6318097,12:46:03.552 AM,3,2.9887118,-4.2667665,6.464494
6318116,12:46:03.571 AM,3,2.9408278,-4.412813,6.3974566
6318136,12:46:03.591 AM,3,2.8690019,-4.592378,6.3591495
6318156,12:46:03.611 AM,3,2.8881555,-4.922778,6.4573116
6318176,12:46:03.631 AM,3,2.8426657,-5.382465,6.5028014
6318196,12:46:03.651 AM,3,2.8929439,-5.327398,6.4573116
6318216,12:46:03.671 AM,3,2.8450599,-5.150227,5.916222
6318236,12:46:03.691 AM,3,3.0677207,-5.550059,5.6265235
6318256,12:46:03.711 AM,3,3.2377088,-5.502175,5.6504655
6318276,12:46:03.731 AM,3,3.393332,-5.550059,5.6265235
6318296,12:46:03.751 AM,3,3.53459,-5.564424,5.1668367
6318316,12:46:03.771 AM,3,3.6543,-5.4471083,4.5347676
6318336,12:46:03.791 AM,3,3.6758478,-5.63625,4.846014
6318358,12:46:03.813 AM,3,3.9679403,-5.2148705,4.2378864
6318376,12:46:03.831 AM,3,4.073285,-5.1310735,4.3384433
6318396,12:46:03.851 AM,3,3.9679403,-5.317821,4.125359
6318416,12:46:03.871 AM,3,4.049343,-5.272331,4.0487447
6318436,12:46:03.891 AM,3,4.0924387,-5.317821,4.125359
6318456,12:46:03.911 AM,3,4.260033,-5.0353055,3.9769187
6318476,12:46:03.931 AM,3,4.5736732,-5.0712185,4.1780314
6318496,12:46:03.951 AM,3,4.9806876,-5.0592475,4.3528085
6318516,12:46:03.971 AM,3,5.64867,-5.296273,4.537162
6318536,12:46:03.991 AM,3,6.0365305,-5.222053,4.6544776
6318556,12:46:04.011 AM,3,6.362142,-5.1071315,4.479701
6318576,12:46:04.031 AM,3,6.7236667,-5.320215,4.6401124
6318596,12:46:04.051 AM,3,7.200113,-5.210082,4.599411
6318616,12:46:04.071 AM,3,7.331794,-5.2866964,5.027973
6318636,12:46:04.091 AM,3,7.80824,-5.348946,4.99206
6318656,12:46:04.111 AM,3,8.215254,-4.9419317,4.656872
6318676,12:46:04.131 AM,3,8.260744,-4.685752,4.5802574
6318696,12:46:04.151 AM,3,8.28708,-4.5349174,4.4342113
6318716,12:46:04.171 AM,3,8.509741,-4.1326914,4.2378864
6318736,12:46:04.191 AM,3,8.761132,-4.434361,4.395904
6318756,12:46:04.211 AM,3,9.060408,-4.2811317,4.3863273
6318776,12:46:04.231 AM,3,9.326164,-4.199729,4.230704
6318796,12:46:04.251 AM,3,9.32377,-4.113538,4.2522516
