0,11:01:42.958 PM,3,0.34311903,0.46657005,9.44767
20,11:01:42.978 PM,3,2.7468975,0.45459905,9.69906
40,11:01:42.998 PM,3,0.34311903,0.46657005,9.44767
59,11:01:43.017 PM,3,2.7468975,0.45459905,9.69906
80,11:01:43.038 PM,3,0.34311903,0.46657005,9.44767
99,11:01:43.057 PM,3,2.7468975,0.45459905,9.69906
123,11:01:43.081 PM,3,2.7468975,0.45459905,9.69906
139,11:01:43.097 PM,3,3.297564,1.5152304,8.442105
160,11:01:43.118 PM,3,3.5657146,1.4434043,8.652795
179,11:01:43.137 PM,3,2.8067527,1.2758102,8.664765
200,11:01:43.158 PM,3,2.9935002,1.3476362,8.710256
220,11:01:43.178 PM,3,2.1962311,1.4649521,8.652795
239,11:01:43.197 PM,3,2.457199,1.1824363,8.913762
260,11:01:43.218 PM,3,1.896956,1.5008652,8.8156
280,11:01:43.238 PM,3,1.9280806,1.6109985,8.607305
300,11:01:43.258 PM,3,1.94484,1.5655086,8.93531
320,11:01:43.278 PM,3,1.8658313,1.3691841,9.098116
340,11:01:43.298 PM,3,1.7987937,1.8504187,8.631247
360,11:01:43.318 PM,3,1.9041386,1.759439,8.683919
380,11:01:43.338 PM,3,1.5904981,1.6804303,8.75814
400,11:01:43.358 PM,3,1.6742952,1.6612767,8.832359
420,11:01:43.378 PM,3,1.1906664,1.8097172,8.4804125
440,11:01:43.398 PM,3,1.3917794,1.8695723,8.703073
460,11:01:43.418 PM,3,1.102081,1.7402854,8.746168
480,11:01:43.438 PM,3,1.054197,1.7570448,8.619276
500,11:01:43.458 PM,3,0.9823709,1.7642274,8.853908
520,11:01:43.478 PM,3,0.9871593,1.6780361,8.968829
539,11:01:43.497 PM,3,0.7812579,1.6421231,8.885032
559,11:01:43.517 PM,3,0.92491007,1.7259202,8.7988405
582,11:01:43.540 PM,3,0.5753566,1.5367782,9.007136
600,11:01:43.558 PM,3,0.65436524,1.5200188,8.918551
620,11:01:43.578 PM,3,0.7980174,1.3356652,9.148395
640,11:01:43.598 PM,3,0.7142203,1.3284826,9.136423
660,11:01:43.618 PM,3,0.8674492,1.1249756,9.04305
680,11:01:43.638 PM,3,0.7860463,1.3284826,9.114876
700,11:01:43.658 PM,3,0.63521165,1.0028713,9.318382
720,11:01:43.678 PM,3,0.63760585,1.0459669,9.354296
740,11:01:43.698 PM,3,0.76928693,0.988506,9.505131
760,11:01:43.718 PM,3,0.7118261,1.0028713,9.588927
782,11:01:43.740 PM,3,0.52028996,1.1920131,9.646388
800,11:01:43.758 PM,3,0.51789576,1.3117232,9.495554
820,11:01:43.778 PM,3,0.74055654,0.44262803,10.015096
840,11:01:43.798 PM,3,0.33114803,0.9382278,9.993547
859,11:01:43.817 PM,3,-0.056712653,0.71796125,10.355072
880,11:01:43.838 PM,3,-0.2817676,0.83288294,10.407744
900,11:01:43.858 PM,3,-0.22909518,0.8185177,10.244939
919,11:01:43.877 PM,3,0.103698865,0.8209119,10.367043
940,11:01:43.898 PM,3,0.33354223,0.13856442,10.079739
959,11:01:43.917 PM,3,-1.081431,1.5439608,8.226626
989,11:01:43.947 PM,3,0.28086978,0.44023383,10.283246
1009,11:01:43.967 PM,3,0.38142624,0.9956886,9.675118
1029,11:01:43.987 PM,3,0.2641104,0.7897873,9.615264
1053,11:01:44.011 PM,3,-0.013617022,0.74908584,9.708637
1073,11:01:44.031 PM,3,0.1539771,0.7802105,9.529073
1089,11:01:44.047 PM,3,-0.013617022,0.74908584,9.708637
1110,11:01:44.068 PM,3,-0.10220248,0.9478046,9.225009
1130,11:01:44.088 PM,3,-0.15726912,0.9238626,9.215432
1150,11:01:44.108 PM,3,-0.09501988,0.9789292,9.146
36129,11:02:19.087 PM,3,-0.15726912,0.9238626,9.215432
36149,11:02:19.107 PM,3,0.8267478,0.83288294,9.727791
36170,11:02:19.128 PM,3,-0.15726912,0.9238626,9.215432
36189,11:02:19.147 PM,3,0.8267478,0.83288294,9.727791
36210,11:02:19.168 PM,3,-0.15726912,0.9238626,9.215432
36229,11:02:19.187 PM,3,0.8267478,0.83288294,9.727791
36250,11:02:19.208 PM,3,-0.15726912,0.9238626,9.215432
36271,11:02:19.229 PM,3,0.8267478,0.83288294,9.727791
36291,11:02:19.249 PM,3,-0.15726912,0.9238626,9.215432
36309,11:02:19.267 PM,3,0.8267478,0.83288294,9.727791
36329,11:02:19.287 PM,3,-0.15726912,0.9238626,9.215432
36349,11:02:19.307 PM,3,0.8267478,0.83288294,9.727791
36369,11:02:19.327 PM,3,-0.15726912,0.9238626,9.215432
36391,11:02:19.349 PM,3,0.8267478,0.83288294,9.727791
36409,11:02:19.367 PM,3,2.22975,0.5647323,8.39422
36430,11:02:19.388 PM,3,2.646341,0.32052374,8.41098
36450,11:02:19.408 PM,3,2.8187237,0.3636194,8.1548
36470,11:02:19.428 PM,3,2.9216743,0.3971382,7.7358155
36490,11:02:19.448 PM,3,3.0629323,0.009277532,7.2713404
36510,11:02:19.468 PM,3,3.0581439,-0.39055416,7.127688
36530,11:02:19.488 PM,3,3.1515176,-0.48632222,7.2234564
36552,11:02:19.510 PM,3,3.2496798,-0.1846528,7.3934445
36570,11:02:19.528 PM,3,3.1012394,-0.2947861,7.604134
36590,11:02:19.548 PM,3,3.2592566,-0.7185598,7.5011835
36610,11:02:19.568 PM,3,3.3765726,-0.79996264,7.848343
36630,11:02:19.588 PM,3,3.6135986,-0.99149877,8.303241
36650,11:02:19.608 PM,3,3.891326,-1.3626001,8.760533
36670,11:02:19.628 PM,3,4.0684967,-1.2404958,8.506748
36691,11:02:19.649 PM,3,4.1044097,-1.4392145,8.796447
36710,11:02:19.668 PM,3,4.5066357,-1.278803,8.401403
36730,11:02:19.688 PM,3,4.695778,-2.0186112,9.287258
36750,11:02:19.708 PM,3,4.8466125,-2.286762,9.318382
36770,11:02:19.728 PM,3,4.7843633,-1.6163855,8.590546
36790,11:02:19.748 PM,3,5.181801,-2.2508488,8.645612
36810,11:02:19.768 PM,3,5.421221,-2.0305824,8.949676
36830,11:02:19.788 PM,3,5.6390934,-1.7959505,8.995166
36850,11:02:19.808 PM,3,6.2352495,-2.4567502,9.205855
36870,11:02:19.828 PM,3,6.8529534,-2.1646576,8.849119
36892,11:02:19.850 PM,3,6.979846,-2.4232314,9.066992
36910,11:02:19.868 PM,3,7.013365,-1.8869302,8.396615
36930,11:02:19.888 PM,3,7.0875854,-1.9587562,7.5394907
36950,11:02:19.908 PM,3,7.015759,-2.2963388,7.2019086
36970,11:02:19.928 PM,3,7.0085764,-2.157475,6.766164
36990,11:02:19.948 PM,3,7.003788,-2.5549126,6.91221
37010,11:02:19.968 PM,3,6.884078,-2.4256256,6.641665
37030,11:02:19.988 PM,3,6.7236667,-2.715324,6.306477
37050,11:02:20.008 PM,3,6.419603,-2.988263,6.351967
37070,11:02:20.028 PM,3,6.481852,-2.607585,6.5411086
37091,11:02:20.049 PM,3,6.455516,-2.3849242,6.3567553
37110,11:02:20.068 PM,3,6.2974987,-2.703353,5.8970685
37130,11:02:20.088 PM,3,6.3453827,-2.9140427,5.8850975
37150,11:02:20.108 PM,3,6.5728316,-2.703353,6.17719
37170,11:02:20.128 PM,3,7.015759,-3.0912137,6.521955
37190,11:02:20.148 PM,3,7.1857476,-3.4599206,6.711097
37210,11:02:20.168 PM,3,7.142652,-3.7280712,6.584204
37230,11:02:20.188 PM,3,7.157017,-3.6035728,6.1843724
37250,11:02:20.208 PM,3,7.1713824,-3.8286278,6.1508536
37270,11:02:20.228 PM,3,7.2575736,-4.0465,5.7749643
37291,11:02:20.249 PM,3,7.274333,-4.199729,5.5403323
37310,11:02:20.268 PM,3,7.295881,-4.020164,5.2027497
37330,11:02:20.288 PM,3,7.564031,-3.6634278,5.1189528
37350,11:02:20.308 PM,3,7.7076836,-3.8597524,5.0806456
37370,11:02:20.328 PM,3,7.870489,-3.7113118,4.944176
37390,11:02:20.348 PM,3,7.975834,-4.058471,4.812495
37410,11:02:20.368 PM,3,8.121881,-4.226065,4.79813
37430,11:02:20.388 PM,3,8.260744,-3.9291842,4.4246345
37450,11:02:20.408 PM,3,8.236802,-3.878906,4.075081
37470,11:02:20.428 PM,3,8.263138,-4.1470566,3.9745245
37492,11:02:20.450 PM,3,8.471434,-4.175787,3.9769187
37510,11:02:20.468 PM,3,8.435521,-3.878906,3.933823
37530,11:02:20.488 PM,3,8.428338,-3.6586394,3.7135565
37550,11:02:20.508 PM,3,8.30384,-3.6466684,3.6058173
37570,11:02:20.528 PM,3,8.258349,-3.4910452,3.6513073
37590,11:02:20.548 PM,3,8.126669,-3.3138745,3.6058173
37610,11:02:20.568 PM,3,8.109909,-3.239654,3.7973535
37630,11:02:20.588 PM,3,8.325388,-3.1845875,3.6656725
37650,11:02:20.608 PM,3,8.342147,-3.1103673,3.7111623
37670,11:02:20.628 PM,3,8.5600195,-3.2252889,3.9026985
37690,11:02:20.648 PM,3,8.715642,-3.2133179,4.06311
37710,11:02:20.668 PM,3,8.8066225,-3.5030165,4.206762
37730,11:02:20.688 PM,3,8.732402,-3.5652657,4.3264723
37750,11:02:20.708 PM,3,8.864083,-3.6131496,4.4844894
37770,11:02:20.728 PM,3,8.892814,-3.5748425,4.34802
37790,11:02:20.748 PM,3,8.820988,-3.7304654,4.4820952
37810,11:02:20.768 PM,3,8.686912,-3.5413237,4.465336
37830,11:02:20.788 PM,3,8.624662,-3.5652657,4.563498
37850,11:02:20.808 PM,3,8.363695,-3.5006223,4.740669
37870,11:02:20.828 PM,3,8.203283,-3.392883,4.589834
37892,11:02:20.850 PM,3,8.100332,-3.4359787,4.506037
37910,11:02:20.868 PM,3,7.8896427,-3.4599206,4.66166
37930,11:02:20.888 PM,3,7.664588,-3.4216135,4.807707
37950,11:02:20.908 PM,3,7.528118,-3.3976715,4.709544
37970,11:02:20.928 PM,3,7.417985,-3.4000657,4.7358804
37990,11:02:20.948 PM,3,7.3509474,-3.3976715,4.697573
38010,11:02:20.968 PM,3,7.157017,-3.665822,4.980089
38030,11:02:20.988 PM,3,7.049278,-3.7400424,5.133318
38050,11:02:21.008 PM,3,6.922385,-3.8142626,5.0447326
38070,11:02:21.028 PM,3,6.838588,-3.950732,5.1620483
38092,11:02:21.050 PM,3,6.8314056,-3.7927148,5.11177
38110,11:02:21.068 PM,3,6.7715507,-3.9220016,5.217115
38130,11:02:21.088 PM,3,6.6398697,-3.7975032,5.1524715
38150,11:02:21.108 PM,3,6.6494465,-3.9531262,5.1740193
38180,11:02:21.138 PM,3,6.5488896,-3.9770682,5.1141644
38199,11:02:21.157 PM,3,6.5584664,-4.0465,5.29373
38219,11:02:21.177 PM,3,6.6374755,-3.9291842,5.3272486
38239,11:02:21.197 PM,3,6.632687,-4.106355,5.2889414
38259,11:02:21.217 PM,3,6.6757827,-3.9986162,5.4110456
38279,11:02:21.237 PM,3,6.6853595,-4.1231146,5.2913356
38300,11:02:21.258 PM,3,6.704513,-4.223671,5.4972367
38320,11:02:21.278 PM,3,6.821829,-4.2571898,5.4589295
38340,11:02:21.298 PM,3,6.71409,-4.226065,5.547515
38360,11:02:21.318 PM,3,6.6853595,-4.187758,5.547515
38380,11:02:21.338 PM,3,6.726061,-4.2308536,5.499631
38399,11:02:21.357 PM,3,6.704513,-4.2332478,5.643283
38419,11:02:21.377 PM,3,6.606351,-4.0632596,5.454141
38440,11:02:21.398 PM,3,6.5249476,-3.9555204,5.4445643
38460,11:02:21.418 PM,3,6.6518407,-4.130297,5.3966804
38480,11:02:21.438 PM,3,6.692542,-4.640262,5.4469585
38500,11:02:21.458 PM,3,6.6278987,-3.9243958,5.5068135
38520,11:02:21.478 PM,3,6.764368,-4.235642,5.4206223
38540,11:02:21.498 PM,3,6.544101,-4.187758,5.3966804
38560,11:02:21.518 PM,3,6.764368,-4.2643723,5.44217
38580,11:02:21.538 PM,3,6.5464954,-4.6833577,5.5451207
38600,11:02:21.558 PM,3,6.541707,-4.518158,5.391892
38620,11:02:21.578 PM,3,6.5704374,-4.5851955,5.535544
38640,11:02:21.598 PM,3,6.4722753,-4.5851955,5.3033066
38660,11:02:21.618 PM,3,6.445939,-5.087978,5.2219033
38680,11:02:21.638 PM,3,6.398055,-4.9730563,5.3966804
38700,11:02:21.658 PM,3,6.445939,-5.1167083,5.087828
38720,11:02:21.678 PM,3,6.4746695,-5.293879,5.2338743
38740,11:02:21.698 PM,3,6.5034,-5.63625,5.382315
38760,11:02:21.718 PM,3,6.443545,-5.578789,5.1668367
38780,11:02:21.738 PM,3,6.4148145,-5.648221,5.1141644
38800,11:02:21.758 PM,3,6.575226,-5.8780646,5.36795
38820,11:02:21.778 PM,3,6.7332435,-5.8206034,5.3368254
38840,11:02:21.798 PM,3,6.812252,-5.856517,5.1859903
38860,11:02:21.818 PM,3,6.752397,-5.3226094,5.4230165
38880,11:02:21.838 PM,3,6.3070755,-4.9610853,5.4086514
38900,11:02:21.858 PM,3,6.1610293,-4.8701057,5.2242975
38920,11:02:21.878 PM,3,6.2472205,-4.2571898,5.2769704
38940,11:02:21.898 PM,3,6.043713,-4.077625,5.7653875
38960,11:02:21.918 PM,3,5.900061,-4.0034046,5.6145525
38981,11:02:21.939 PM,3,5.9790697,-3.7855322,5.6480713
39000,11:02:21.958 PM,3,6.0245595,-3.7352538,5.925799
39020,11:02:21.978 PM,3,6.0030117,-3.701735,6.0550857
39040,11:02:21.998 PM,3,6.1634235,-3.558083,6.01199
39060,11:02:22.018 PM,3,6.079626,-3.6370916,5.9473467
39080,11:02:22.038 PM,3,6.0078,-3.6083612,5.7127147
39100,11:02:22.058 PM,3,6.1993365,-3.9004538,5.7869353
39120,11:02:22.078 PM,3,6.45791,-3.9770682,6.093393
39140,11:02:22.098 PM,3,6.5464954,-4.044106,6.0024133
39160,11:02:22.118 PM,3,6.5704374,-3.9291842,6.05748
39181,11:02:22.139 PM,3,6.884078,-4.0034046,6.081422
39200,11:02:22.158 PM,3,6.9846344,-4.010587,5.8467903
39220,11:02:22.178 PM,3,7.080403,-4.058471,5.8755207
39240,11:02:22.198 PM,3,6.994211,-3.9938278,5.7869353
39260,11:02:22.218 PM,3,6.919991,-3.8884828,5.4948425
39280,11:02:22.238 PM,3,7.116316,-3.7903206,5.427805
39300,11:02:22.258 PM,3,7.310246,-3.7639844,5.4110456
39320,11:02:22.278 PM,3,7.465869,-3.5796309,5.72708
39340,11:02:22.298 PM,3,7.7412024,-3.3545759,5.679196
39360,11:02:22.318 PM,3,7.9327383,-3.52217,5.549909
39381,11:02:22.339 PM,3,8.188918,-3.4958339,5.68159
39400,11:02:22.358 PM,3,8.710854,-3.2324715,5.7414455
39420,11:02:22.378 PM,3,9.077167,-3.081637,5.537938
39440,11:02:22.398 PM,3,9.058013,-3.167828,5.4565353
39460,11:02:22.418 PM,3,9.017312,-3.131915,5.2530284
39480,11:02:22.438 PM,3,8.969428,-3.000234,4.9729066
39500,11:02:22.458 PM,3,8.904784,-2.772785,4.869956
39520,11:02:22.478 PM,3,8.818593,-3.0648775,4.834043
39540,11:02:22.498 PM,3,8.397214,-3.665822,5.169231
39560,11:02:22.518 PM,3,8.263138,-3.4718916,5.403863
39581,11:02:22.539 PM,3,8.258349,-2.715324,5.1309237
39600,11:02:22.558 PM,3,8.033295,-2.7775733,5.169231
39620,11:02:22.578 PM,3,7.76275,-2.8254573,5.4445643
39640,11:02:22.598 PM,3,7.501782,-3.048118,5.317672
39660,11:02:22.618 PM,3,7.2934866,-3.0289645,5.1788077
39680,11:02:22.638 PM,3,7.0349126,-3.239654,5.8467903
39700,11:02:22.658 PM,3,6.7212725,-2.844611,6.134094
39720,11:02:22.678 PM,3,6.666206,-3.0145993,6.0072017
39740,11:02:22.698 PM,3,6.299893,-3.498228,6.0766335
39760,11:02:22.718 PM,3,5.837812,-2.9020717,6.292112
39781,11:02:22.739 PM,3,6.0149827,-2.942773,6.495619
39800,11:02:22.758 PM,3,5.8689365,-3.1869817,6.4166102
39820,11:02:22.778 PM,3,5.670218,-3.3114803,6.5291376
39840,11:02:22.798 PM,3,5.804293,-2.7296891,6.464494
39860,11:02:22.818 PM,3,5.6271224,-2.8158805,7.0606503
39880,11:02:22.838 PM,3,5.593603,-2.595614,6.74701
39900,11:02:22.858 PM,3,5.5840263,-2.2316952,6.5746274
39920,11:02:22.878 PM,3,5.567267,-2.3442228,6.6847606
39940,11:02:22.898 PM,3,5.4427686,-2.3394344,7.0750155
39960,11:02:22.918 PM,3,5.3470006,-1.9826983,7.218668
39981,11:02:22.939 PM,3,5.1195517,-1.2261306,6.6368766
40000,11:02:22.958 PM,3,5.267992,-1.752855,6.897845
40020,11:02:22.978 PM,3,5.5840263,-1.9348142,6.993613
40040,11:02:22.998 PM,3,5.8689365,-1.5301942,7.2713404
40060,11:02:23.018 PM,3,6.3908725,-1.0968436,6.7254624
40080,11:02:23.038 PM,3,6.9606924,-0.9172785,5.4732947
40100,11:02:23.058 PM,3,7.0899796,-0.5246295,4.9705124
40120,11:02:23.078 PM,3,7.1737766,-0.12240356,4.7526402
40140,11:02:23.098 PM,3,7.7579618,-0.25169045,4.25704
40160,11:02:23.118 PM,3,7.7316256,-0.13198037,4.3073187
40180,11:02:23.138 PM,3,7.7220488,0.16968904,4.261829
40200,11:02:23.158 PM,3,7.571214,0.15053543,4.4605474
40220,11:02:23.178 PM,3,7.5760026,-0.1798644,4.3168955
40240,11:02:23.198 PM,3,7.4993877,-0.56054246,4.259434
40260,11:02:23.218 PM,3,7.6597996,-0.90051913,4.683208
40280,11:02:23.238 PM,3,7.8273935,-1.2237363,4.4820952
40300,11:02:23.258 PM,3,7.640646,-1.93242,4.515614
40320,11:02:23.278 PM,3,7.384466,-3.5652657,4.810101
40349,11:02:23.307 PM,3,7.3174286,-2.5525184,4.7526402
40370,11:02:23.328 PM,3,7.0684314,-4.419996,5.3033066
40390,11:02:23.348 PM,3,6.934356,-4.3122563,5.0902224
40409,11:02:23.367 PM,3,7.0684314,-4.6426563,4.692785
40429,11:02:23.387 PM,3,7.166594,-4.2284594,4.956147
40449,11:02:23.407 PM,3,7.540089,-4.697723,4.63293
40469,11:02:23.427 PM,3,7.236026,-4.61632,4.762217
40489,11:02:23.447 PM,3,8.006959,-4.443938,3.9841013
40509,11:02:23.467 PM,3,7.858518,-5.0089693,4.297742
40529,11:02:23.487 PM,3,8.646211,-4.3816886,3.7734115
40549,11:02:23.507 PM,3,8.282291,-4.0991726,3.838055
40570,11:02:23.528 PM,3,8.979005,-3.9459436,3.2730234
40590,11:02:23.548 PM,3,8.871265,-4.261978,3.5962405
40610,11:02:23.568 PM,3,8.825776,-3.000234,2.6888382
40629,11:02:23.587 PM,3,8.840141,-3.2755673,2.7726352
40649,11:02:23.607 PM,3,9.11308,-2.8996775,2.710386
40669,11:02:23.627 PM,3,8.880842,-2.940379,2.842067
40689,11:02:23.647 PM,3,8.849718,-2.7679965,2.4637833
40710,11:02:23.668 PM,3,8.914361,-3.380912,2.3009775
40730,11:02:23.688 PM,3,9.098715,-2.6219501,2.248305
40750,11:02:23.708 PM,3,9.175329,-2.4639328,2.2267573
40770,11:02:23.728 PM,3,9.745149,-2.954744,2.1597195
40790,11:02:23.748 PM,3,9.237578,-2.6770167,2.1453543
40810,11:02:23.768 PM,3,10.911125,-3.1582513,2.770241
40830,11:02:23.788 PM,3,10.432285,-3.3234513,2.5188498
40850,11:02:23.808 PM,3,10.956615,-2.358588,1.5324388
40870,11:02:23.828 PM,3,11.057172,-2.868553,2.3392847
40890,11:02:23.848 PM,3,11.94542,-2.751237,1.3768156
40910,11:02:23.868 PM,3,11.342082,-2.1048026,1.0344448
40930,11:02:23.888 PM,3,11.670087,-3.831022,1.1397897
40950,11:02:23.908 PM,3,12.012458,-2.8996775,1.4199113
40970,11:02:23.928 PM,3,11.332505,-2.9331963,2.4829369
40990,11:02:23.948 PM,3,11.337294,-3.914819,1.6186299
41010,11:02:23.968 PM,3,11.34687,-2.7440543,2.1094413
41030,11:02:23.988 PM,3,11.382783,-2.6482863,2.4518123
41050,11:02:24.008 PM,3,10.698041,-3.6730046,2.5020905
41069,11:02:24.027 PM,3,11.193641,-3.5149875,2.0639515
41089,11:02:24.047 PM,3,10.38919,-3.9483378,3.0096612
41109,11:02:24.067 PM,3,10.705224,-3.8741176,2.7654526
41129,11:02:24.087 PM,3,8.840141,-3.5173817,3.0814872
41149,11:02:24.107 PM,3,9.450663,-3.6634278,3.2969654
41169,11:02:24.127 PM,3,7.674165,-4.4774566,3.5004725
41189,11:02:24.147 PM,3,8.294263,-3.9411552,3.1006408
41210,11:02:24.168 PM,3,6.8170404,-4.345775,3.7279217
41230,11:02:24.188 PM,3,7.1474404,-4.532523,3.8428433
41250,11:02:24.208 PM,3,6.1131454,-4.065654,3.6177883
41270,11:02:24.228 PM,3,6.45791,-4.0512886,3.5459623
41290,11:02:24.248 PM,3,6.252009,-4.283526,4.0367737
41309,11:02:24.267 PM,3,6.017377,-4.2332478,3.969736
41330,11:02:24.288 PM,3,6.0245595,-3.878906,4.01762
41350,11:02:24.308 PM,3,6.1897597,-4.443938,4.0678983
41370,11:02:24.328 PM,3,6.3525653,-4.613926,4.3647795
41390,11:02:24.348 PM,3,6.3645363,-4.283526,4.0918403
41410,11:02:24.368 PM,3,6.3525653,-4.2308536,4.2785883
41430,11:02:24.388 PM,3,6.4172087,-4.8772883,4.4342113
41450,11:02:24.408 PM,3,6.4603043,-4.4295726,4.4605474
41470,11:02:24.428 PM,3,6.556072,-4.431967,4.477307
41490,11:02:24.448 PM,3,6.1251163,-4.5229464,4.860379
41510,11:02:24.468 PM,3,6.2927103,-4.757578,4.680814
41530,11:02:24.488 PM,3,6.1251163,-4.1709986,4.731092
41549,11:02:24.507 PM,3,5.754015,-3.9196074,4.692785
41570,11:02:24.528 PM,3,4.616769,-3.819051,5.36795
41590,11:02:24.548 PM,3,4.9184384,-4.1590276,5.0830398
41610,11:02:24.568 PM,3,4.212149,-3.9579146,5.3631616
41630,11:02:24.588 PM,3,4.5401545,-3.8597524,5.296124
41650,11:02:24.608 PM,3,4.2384853,-3.8884828,5.6863785
41670,11:02:24.628 PM,3,4.1283517,-3.8884828,5.56188
41690,11:02:24.648 PM,3,4.497059,-4.065654,5.8850975
41710,11:02:24.668 PM,3,4.3270707,-4.13748,5.940164
41730,11:02:24.688 PM,3,4.7292967,-3.9435494,6.0024133
41750,11:02:24.708 PM,3,4.616769,-3.831022,5.8228483
41770,11:02:24.728 PM,3,5.655853,-4.235642,6.1604304
41790,11:02:24.748 PM,3,5.1291285,-4.364929,6.4046392
41810,11:02:24.768 PM,3,6.0101943,-4.4511204,6.069451
41830,11:02:24.788 PM,3,5.7971106,-3.8286278,5.6408887
41850,11:02:24.808 PM,3,6.7691565,-4.66181,6.3615437
41870,11:02:24.828 PM,3,6.4387565,-4.910807,6.6488476
41890,11:02:24.848 PM,3,6.8026752,-4.1470566,5.8946743
41910,11:02:24.868 PM,3,6.8146462,-4.5516768,6.1005754
41930,11:02:24.888 PM,3,7.3509474,-3.3857005,5.2266917
41950,11:02:24.908 PM,3,7.1091332,-3.7759554,5.5451207
41970,11:02:24.928 PM,3,7.9734397,-3.1750107,5.250634
41992,11:02:24.950 PM,3,7.6214924,-3.0433297,5.1788077
42010,11:02:24.968 PM,3,8.54326,-2.1742344,4.7789764
42030,11:02:24.988 PM,3,8.406791,-2.8996775,5.2123265
42050,11:02:25.008 PM,3,9.342923,-2.2676082,4.807707
42070,11:02:25.028 PM,3,8.718037,-2.0808606,4.63293
42090,11:02:25.048 PM,3,9.860071,-2.21733,5.1907787
42110,11:02:25.068 PM,3,9.687688,-2.1742344,5.2386627
42130,11:02:25.088 PM,3,9.567978,-1.623568,4.903475
42150,11:02:25.108 PM,3,9.572766,-2.0593128,4.9944544
42170,11:02:25.128 PM,3,9.546431,-1.9946693,5.365556
42190,11:02:25.148 PM,3,9.5871315,-1.8821418,5.305701
42210,11:02:25.168 PM,3,9.0221,-1.8246809,5.1141644
42230,11:02:25.188 PM,3,9.230395,-1.8581998,5.229086
42250,11:02:25.208 PM,3,8.399608,-1.8390462,5.063886
42270,11:02:25.228 PM,3,8.8545065,-1.860594,4.9489646
42290,11:02:25.248 PM,3,8.121881,-1.9683331,5.059098
42310,11:02:25.268 PM,3,8.258349,-1.8917186,5.2362685
42330,11:02:25.288 PM,3,7.868095,-2.4830863,5.320066
42350,11:02:25.308 PM,3,7.9135847,-2.181417,5.2793646
42370,11:02:25.328 PM,3,7.7196546,-3.2348657,5.5163903
42390,11:02:25.348 PM,3,7.8273935,-2.8901007,5.499631
42410,11:02:25.368 PM,3,7.918373,-3.4479496,5.403863
42430,11:02:25.388 PM,3,7.772327,-3.3354223,5.6648307
42450,11:02:25.408 PM,3,7.9973817,-4.190152,5.6504655
42470,11:02:25.428 PM,3,7.906402,-3.7424366,5.346402
42490,11:02:25.448 PM,3,7.319823,-4.898836,5.9305873
42510,11:02:25.468 PM,3,7.846547,-4.604349,5.7079263
42530,11:02:25.488 PM,3,6.0580783,-4.9874215,5.6408887
42550,11:02:25.508 PM,3,6.6829653,-5.162198,5.8108773
42575,11:02:25.533 PM,3,4.6790185,-5.0137577,5.669619
42590,11:02:25.548 PM,3,5.2727804,-5.040094,5.667225
42609,11:02:25.567 PM,3,4.6790185,-5.0137577,5.669619
42629,11:02:25.587 PM,3,4.2193317,-5.284302,6.2490163
42649,11:02:25.607 PM,3,3.8721724,-5.2986674,6.129306
42670,11:02:25.628 PM,3,3.6830304,-5.3513403,6.0311437
42689,11:02:25.647 PM,3,3.558532,-5.255572,6.1149406
42709,11:02:25.667 PM,3,3.903297,-5.746383,6.4213986
42729,11:02:25.687 PM,3,4.0086417,-5.782296,6.3016887
42749,11:02:25.707 PM,3,4.281581,-5.7368064,6.459706
42770,11:02:25.728 PM,3,4.5377603,-5.6769514,6.521955
42790,11:02:25.748 PM,3,4.619163,-5.6290674,6.3926682
42810,11:02:25.768 PM,3,5.114763,-5.526117,6.488436
42830,11:02:25.788 PM,3,5.5720553,-5.2507834,6.533926
42850,11:02:25.808 PM,3,6.0030117,-5.06643,6.488436
42870,11:02:25.828 PM,3,6.146664,-4.7144823,6.4932246
42890,11:02:25.848 PM,3,6.4243913,-4.5756187,6.488436
42910,11:02:25.868 PM,3,6.565649,-4.424784,6.4094276
42930,11:02:25.888 PM,3,6.606351,-4.1231146,6.316054
42950,11:02:25.908 PM,3,6.4866405,-4.0512886,6.2490163
42970,11:02:25.928 PM,3,6.529736,-4.0010104,6.1269116
42990,11:02:25.948 PM,3,6.553678,-3.7807438,6.1029696
43010,11:02:25.968 PM,3,6.580014,-3.6394858,6.189161
43030,11:02:25.988 PM,3,6.515371,-3.5868134,6.1628246
43050,11:02:26.008 PM,3,6.455516,-3.6586394,6.189161
43070,11:02:26.028 PM,3,6.469881,-3.4934394,6.256199
43090,11:02:26.048 PM,3,6.479458,-3.5676599,6.232257
43110,11:02:26.068 PM,3,6.565649,-3.5197759,6.1388826
43130,11:02:26.088 PM,3,6.6470523,-3.4958339,6.2490163
43150,11:02:26.108 PM,3,6.6159277,-3.498228,6.4190044
43170,11:02:26.128 PM,3,6.644658,-3.452738,6.2490163
43190,11:02:26.148 PM,3,6.6709943,-3.2803557,6.1221232
43210,11:02:26.168 PM,3,6.6470523,-3.2755673,6.1724014
43230,11:02:26.188 PM,3,6.7571855,-3.4479496,6.0886045
43250,11:02:26.208 PM,3,6.869713,-3.35697,5.9210105
43270,11:02:26.228 PM,3,6.917597,-3.392883,5.9808655
43290,11:02:26.248 PM,3,7.0588546,-3.3521817,5.7127147
43310,11:02:26.268 PM,3,7.0444894,-3.3880947,5.7534165
43330,11:02:26.288 PM,3,7.080403,-3.5724483,5.7917237
43350,11:02:26.308 PM,3,7.178565,-3.8334162,5.842002
43370,11:02:26.328 PM,3,7.2072954,-3.80708,5.7653875
43390,11:02:26.348 PM,3,7.188142,-3.9411552,5.679196
43410,11:02:26.368 PM,3,7.247997,-3.8142626,5.5882163
43430,11:02:26.388 PM,3,7.271939,-3.6323032,5.5451207
43450,11:02:26.408 PM,3,7.336582,-3.546112,5.645677
43469,11:02:26.427 PM,3,7.492205,-3.5796309,5.8156657
43489,11:02:26.447 PM,3,7.590368,-2.9451673,5.794118
43510,11:02:26.468 PM,3,7.724443,-2.8661587,5.8946743
43529,11:02:26.487 PM,3,7.6238866,-2.940379,5.794118
43550,11:02:26.508 PM,3,7.5736084,-1.8989012,5.5810337
43579,11:02:26.537 PM,3,7.2671504,-1.8917186,5.5427265
43599,11:02:26.557 PM,3,7.3509474,-1.4487913,5.770176
43620,11:02:26.578 PM,3,6.7907043,-1.3697827,5.7629933
43639,11:02:26.597 PM,3,6.95351,-1.8773534,5.6241293
43660,11:02:26.618 PM,3,6.556072,-1.8151041,5.770176
43679,11:02:26.637 PM,3,6.7236667,-1.4392145,5.7390513
43699,11:02:26.657 PM,3,6.551284,-2.205359,6.0191727
43720,11:02:26.678 PM,3,6.5321302,-2.2843678,5.961712
43740,11:02:26.698 PM,3,6.445939,-2.5118167,6.201132
43760,11:02:26.718 PM,3,6.5321302,-2.4447792,6.1269116
43780,11:02:26.738 PM,3,6.6278987,-2.9212253,6.53632
43800,11:02:26.758 PM,3,6.421997,-2.6985645,6.3806973
43820,11:02:26.778 PM,3,6.702119,-2.954744,6.5267434
43840,11:02:26.798 PM,3,6.6949363,-2.9451673,6.608146
43860,11:02:26.818 PM,3,6.752397,-3.119944,6.7733464
43880,11:02:26.838 PM,3,6.692542,-3.0122051,6.6344824
43900,11:02:26.858 PM,3,6.738032,-2.9331963,6.6249056
43920,11:02:26.878 PM,3,6.773945,-3.036147,6.7134914
43940,11:02:26.898 PM,3,6.8074636,-2.8374283,6.5267434
43960,11:02:26.918 PM,3,6.7954926,-2.9930513,6.644059
43980,11:02:26.938 PM,3,6.7787333,-2.6626515,6.474071
44000,11:02:26.958 PM,3,6.7595797,-2.7368717,6.521955
44020,11:02:26.978 PM,3,6.8194346,-2.5573068,6.3471785
44040,11:02:26.998 PM,3,6.8290114,-2.5525184,6.402245
44060,11:02:27.018 PM,3,6.8649244,-2.4352024,6.1484594
44080,11:02:27.038 PM,3,6.857742,-2.454356,6.351967
44099,11:02:27.057 PM,3,6.872107,-2.4495676,6.0981812
44120,11:02:27.078 PM,3,6.838588,-2.5213938,6.20592
44139,11:02:27.097 PM,3,6.654235,-2.4974515,6.1101522
44160,11:02:27.118 PM,3,6.886472,-2.3968952,5.9928365
44180,11:02:27.138 PM,3,6.539313,-2.856582,6.059874
44200,11:02:27.158 PM,3,6.6111393,-2.6530747,6.1724014
44220,11:02:27.178 PM,3,6.347777,-3.4383729,6.476465
44240,11:02:27.198 PM,3,6.4363623,-3.2755673,6.215497
44260,11:02:27.218 PM,3,6.2831335,-3.8022916,6.316054
44280,11:02:27.238 PM,3,6.2974987,-3.6442742,6.545897
44300,11:02:27.258 PM,3,6.5919857,-4.508581,6.4429464
44320,11:02:27.278 PM,3,6.38369,-3.7903206,6.0981812
44340,11:02:27.298 PM,3,7.042095,-4.759972,5.877915
44360,11:02:27.318 PM,3,6.884078,-4.7982793,6.270564
44380,11:02:27.338 PM,3,7.1833534,-4.470274,5.305701
44400,11:02:27.358 PM,3,7.4634748,-4.7503953,5.346402
44420,11:02:27.378 PM,3,7.157017,-4.448726,5.4230165
44440,11:02:27.398 PM,3,7.310246,-4.66181,5.60737
44460,11:02:27.418 PM,3,7.0205474,-5.6075196,5.669619
44480,11:02:27.438 PM,3,7.406014,-4.508581,5.013608
44500,11:02:27.458 PM,3,7.250391,-2.454356,5.415834
44520,11:02:27.478 PM,3,6.630293,-4.4415436,5.7318687
44540,11:02:27.498 PM,3,6.922385,-2.6722283,5.856367
44560,11:02:27.518 PM,3,7.133075,-2.310704,6.1484594
44580,11:02:27.538 PM,3,6.8768954,-1.956362,5.257817
44600,11:02:27.558 PM,3,6.740426,-2.2149358,5.2649994
44620,11:02:27.578 PM,3,6.630293,-0.66588736,5.3487964
44639,11:02:27.597 PM,3,6.6111393,-1.3889363,5.346402
44659,11:02:27.617 PM,3,6.302287,-1.5852607,5.3727384
44679,11:02:27.637 PM,3,6.565649,-1.0681132,5.3871036
44700,11:02:27.658 PM,3,6.821829,-1.1136031,5.5666685
44720,11:02:27.678 PM,3,6.5488896,-1.0322002,5.329643
44739,11:02:27.697 PM,3,7.1618056,-1.2333132,5.5092077
44759,11:02:27.717 PM,3,6.898443,-1.3649943,5.8276367
44779,11:02:27.737 PM,3,7.702895,-1.8031331,5.9904423
44799,11:02:27.757 PM,3,7.4610806,-1.7839795,5.8396077
44820,11:02:27.778 PM,3,8.138639,-2.4040778,5.8731265
44840,11:02:27.798 PM,3,8.009353,-1.8989012,5.868338
44860,11:02:27.818 PM,3,8.435521,-2.0473418,5.631312
44880,11:02:27.838 PM,3,8.301445,-2.2077532,5.7510223
44900,11:02:27.858 PM,3,7.7795095,-1.908478,5.298518
44920,11:02:27.878 PM,3,8.150611,-2.3537996,5.5930047
44940,11:02:27.898 PM,3,6.9846344,-1.5062522,5.48766
44960,11:02:27.918 PM,3,7.298275,-2.1526866,5.1668367
44980,11:02:27.938 PM,3,6.812252,-1.2261306,5.415834
45000,11:02:27.958 PM,3,7.224055,-1.2213421,5.344008
45020,11:02:27.978 PM,3,6.3884783,-0.9603742,5.8132715
45040,11:02:27.998 PM,3,6.529736,-1.0752958,5.4110456
45060,11:02:28.018 PM,3,5.995829,-1.0944494,5.717503
45080,11:02:28.038 PM,3,6.371719,-0.82390463,6.0048075
45100,11:02:28.058 PM,3,5.7348614,-1.3697827,6.452523
45120,11:02:28.078 PM,3,5.76838,-1.1327567,6.1364884
45140,11:02:28.098 PM,3,6.0485015,-2.253243,6.3830914
45160,11:02:28.118 PM,3,5.6654296,-1.7863737,6.304083
45180,11:02:28.138 PM,3,6.4531217,-2.2939446,5.7917237
45200,11:02:28.158 PM,3,6.1777887,-2.4040778,6.033538
45220,11:02:28.178 PM,3,7.018153,-2.2221184,4.7239094
45240,11:02:28.198 PM,3,6.59438,-2.1024084,5.355979
45260,11:02:28.218 PM,3,8.270321,-2.3490112,4.455759
45280,11:02:28.238 PM,3,7.489811,-2.265214,4.537162
45300,11:02:28.258 PM,3,9.508123,-1.3362638,4.369568
45320,11:02:28.278 PM,3,8.981399,-2.0090344,4.620959
45340,11:02:28.298 PM,3,10.741137,-2.0449476,4.218733
45360,11:02:28.318 PM,3,10.49214,-1.8007389,4.3025303
45380,11:02:28.338 PM,3,10.762685,-1.9252374,2.983325
45400,11:02:28.358 PM,3,10.808175,-2.0569186,3.8069303
45420,11:02:28.378 PM,3,10.935067,-0.79038584,0.68249714
45440,11:02:28.398 PM,3,10.817752,-1.6546926,1.9131168
45460,11:02:28.418 PM,3,11.914296,-3.6634278,1.1780969
45480,11:02:28.438 PM,3,11.591079,-1.884536,0.42152914
45500,11:02:28.458 PM,3,11.873594,-5.2771196,2.3584383
45520,11:02:28.478 PM,3,12.165687,-5.090372,1.8843864
45540,11:02:28.498 PM,3,11.356447,-3.1007905,2.2267573
45560,11:02:28.518 PM,3,11.591079,-4.020164,2.30816
45580,11:02:28.538 PM,3,10.724378,-3.35697,2.75827
45600,11:02:28.558 PM,3,11.251102,-2.9451673,2.3584383
45620,11:02:28.578 PM,3,9.910349,-2.157475,3.9410057
45640,11:02:28.598 PM,3,10.382007,-3.002628,3.3448493
45660,11:02:28.618 PM,3,8.866477,-2.8757355,4.9968486
45679,11:02:28.637 PM,3,9.512912,-2.8374283,4.561104
45700,11:02:28.658 PM,3,7.2934866,-2.753631,6.069451
45719,11:02:28.677 PM,3,7.9710455,-2.4208372,5.4254107
45740,11:02:28.698 PM,3,6.3190465,-1.956362,6.960094
45760,11:02:28.718 PM,3,6.848165,-2.6387095,6.524349
45780,11:02:28.738 PM,3,5.7851396,-2.9236195,6.744616
45800,11:02:28.758 PM,3,5.983858,-2.5189996,6.65603
45819,11:02:28.777 PM,3,5.924003,-1.8270751,6.902633
45839,11:02:28.797 PM,3,5.727679,-1.860594,6.8954506
45859,11:02:28.817 PM,3,5.8785133,-3.107973,6.998401
45879,11:02:28.837 PM,3,5.9766755,-3.318663,7.1324763
45899,11:02:28.857 PM,3,5.828235,-2.535759,6.7087026
45920,11:02:28.878 PM,3,5.981464,-2.2843678,6.7996826
45940,11:02:28.898 PM,3,6.0030117,-2.1909938,6.375909
45959,11:02:28.917 PM,3,5.8186584,-3.060089,6.5770216
45979,11:02:28.937 PM,3,5.545719,-1.4056957,6.0383263
46000,11:02:28.958 PM,3,5.981464,-1.9707273,6.1221232
46019,11:02:28.977 PM,3,5.6654296,-0.57011926,5.1381063
46039,11:02:28.997 PM,3,5.7707744,-0.80953944,5.257817
46060,11:02:29.018 PM,3,5.660641,-0.12719196,3.967342
46080,11:02:29.038 PM,3,5.624728,-0.20859483,4.6544776
46099,11:02:29.057 PM,3,6.9032316,-0.7065888,4.395904
46119,11:02:29.077 PM,3,6.067655,-0.098461546,3.8476317
46139,11:02:29.097 PM,3,9.287857,-1.7935563,5.5044193
46159,11:02:29.117 PM,3,8.155399,-0.5964555,4.975301
46180,11:02:29.138 PM,3,9.340529,-2.8637645,5.573851
46200,11:02:29.158 PM,3,9.505729,-2.4878747,5.9090395
46220,11:02:29.178 PM,3,8.5839615,-3.0145993,6.5147724
46239,11:02:29.197 PM,3,9.007735,-3.2348657,5.8635497
46260,11:02:29.218 PM,3,7.212084,-2.9619267,5.9712887
46279,11:02:29.237 PM,3,7.8178167,-2.820669,6.3328133
46299,11:02:29.257 PM,3,6.120328,-2.727295,6.339996
46319,11:02:29.277 PM,3,6.544101,-3.081637,6.009596
46340,11:02:29.298 PM,3,5.5361423,-2.2221184,6.7278566
46360,11:02:29.318 PM,3,5.840206,-2.4687212,6.6943374
46380,11:02:29.338 PM,3,5.411644,-2.3178866,6.7517986
46400,11:02:29.358 PM,3,5.4930468,-2.8493993,6.849961
46420,11:02:29.378 PM,3,6.299893,-1.6211739,7.1444473
46440,11:02:29.398 PM,3,6.132299,-2.7105355,6.972065
46460,11:02:29.418 PM,3,6.6398697,-2.3035214,7.2976766
46480,11:02:29.438 PM,3,6.4483333,-1.7744027,6.993613
46499,11:02:29.457 PM,3,7.23842,-0.67067575,7.9249573
46520,11:02:29.478 PM,3,7.214478,-1.1088147,7.5275197
46539,11:02:29.497 PM,3,7.0085764,-0.3091513,6.754193
46560,11:02:29.518 PM,3,7.003788,-0.708983,7.0774097
46579,11:02:29.537 PM,3,7.224055,-0.23014264,6.3591495
46600,11:02:29.558 PM,3,7.037307,0.48572367,6.363938
46619,11:02:29.577 PM,3,7.465869,-0.7137714,7.070227
46640,11:02:29.598 PM,3,7.2216606,0.052373163,6.2274685
46662,11:02:29.620 PM,3,7.5999446,-0.019452889,6.603358
46680,11:02:29.638 PM,3,7.714866,-0.15592238,7.206697
46700,11:02:29.658 PM,3,7.8896427,0.34207156,5.853973
46720,11:02:29.678 PM,3,7.4012256,0.085891984,5.8108773
46740,11:02:29.698 PM,3,7.8633065,1.0339959,5.6480713
46760,11:02:29.718 PM,3,8.162581,0.5216367,6.0670567
46780,11:02:29.738 PM,3,8.090755,0.60064536,5.281759
46800,11:02:29.758 PM,3,8.028506,-0.14873978,4.5563154
46820,11:02:29.778 PM,3,8.643816,2.554314,5.949741
46840,11:02:29.798 PM,3,8.641422,2.590227,5.8013005
46860,11:02:29.818 PM,3,8.124274,0.052373163,6.193949
46880,11:02:29.838 PM,3,8.476222,0.38037878,5.7558107
46900,11:02:29.858 PM,3,7.9135847,0.42108023,6.081422
46920,11:02:29.878 PM,3,7.942315,1.189619,5.703138
46940,11:02:29.898 PM,3,7.082797,-0.79278004,6.7254624
46961,11:02:29.919 PM,3,7.5736084,-0.48392802,6.6344824
46980,11:02:29.938 PM,3,6.4746695,-1.2931682,6.6368766
47003,11:02:29.961 PM,3,6.9630866,-1.491887,6.744616
47020,11:02:29.978 PM,3,6.3693247,-2.83264,7.292888
47040,11:02:29.998 PM,3,6.2256727,-1.5685014,6.849961
47060,11:02:30.018 PM,3,5.765986,-2.976292,8.092551
47080,11:02:30.038 PM,3,6.1610293,-3.3019035,7.8315835
47100,11:02:30.058 PM,3,5.258415,-3.0169935,7.458088
47120,11:02:30.078 PM,3,5.55769,-2.9020717,7.8890443
47140,11:02:30.098 PM,3,5.411644,-4.2117,7.9177747
47160,11:02:30.118 PM,3,5.361366,-3.7735612,7.6352587
47180,11:02:30.138 PM,3,5.4164324,-5.696105,7.472453
47200,11:02:30.158 PM,3,5.1794066,-4.056077,7.494001
47220,11:02:30.178 PM,3,5.5169888,-4.9730563,7.5873747
47240,11:02:30.198 PM,3,5.1315227,-5.4495025,7.577798
47261,11:02:30.219 PM,3,5.5505075,-4.8940477,7.130082
47280,11:02:30.238 PM,3,5.5002294,-4.518158,7.3958387
47300,11:02:30.258 PM,3,5.696554,-4.0608654,6.768558
47320,11:02:30.278 PM,3,5.5265656,-4.700117,6.938546
47340,11:02:30.298 PM,3,6.1514525,-3.3282397,7.115717
47360,11:02:30.318 PM,3,5.969493,-3.258808,6.885874
47380,11:02:30.338 PM,3,6.4483333,-3.021782,6.363938
47400,11:02:30.358 PM,3,6.156241,-2.820669,6.557868
47420,11:02:30.378 PM,3,7.190536,-1.9348142,6.339996
47440,11:02:30.398 PM,3,6.6709943,-2.6961703,6.3447843
47460,11:02:30.418 PM,3,8.112304,-1.9994577,5.794118
47480,11:02:30.438 PM,3,7.655011,-1.7121534,6.1867666
47500,11:02:30.458 PM,3,8.995764,-1.1136031,5.7198973
47520,11:02:30.478 PM,3,8.60072,-2.0904374,5.5283613
47540,11:02:30.498 PM,3,9.330953,-0.1798644,5.3727384
47561,11:02:30.519 PM,3,9.235184,-0.42646718,5.6121583
47580,11:02:30.538 PM,3,9.271097,-0.23732524,5.2338743
47600,11:02:30.558 PM,3,9.388413,0.054767363,5.123741
47620,11:02:30.578 PM,3,8.883237,0.8065467,4.941782
47640,11:02:30.598 PM,3,9.11308,0.018854339,5.169231
47660,11:02:30.618 PM,3,8.404396,0.6868366,5.4589295
47680,11:02:30.638 PM,3,8.794651,0.9932944,5.1069818
47699,11:02:30.657 PM,3,7.9973817,0.6628946,5.4804773
47720,11:02:30.678 PM,3,8.236802,0.0068833297,5.643283
47739,11:02:30.697 PM,3,7.607127,-0.43604398,6.4429464
47760,11:02:30.718 PM,3,7.76275,0.30137014,5.7079263
47779,11:02:30.737 PM,3,7.013365,-0.1798644,6.7494044
47800,11:02:30.758 PM,3,7.3054576,0.004489128,6.557868
47820,11:02:30.778 PM,3,6.290316,-0.99389297,7.4892125
47849,11:02:30.807 PM,3,6.5824084,-0.81911623,7.165995
47869,11:02:30.827 PM,3,5.6774006,-1.6882114,7.9034095
47889,11:02:30.847 PM,3,6.0221653,-1.2644378,7.731027
47909,11:02:30.867 PM,3,5.6295166,-3.1965585,8.640823
47930,11:02:30.888 PM,3,5.6390934,-2.6889877,8.437317
47950,11:02:30.908 PM,3,5.3805194,-3.5413237,8.219444
47970,11:02:30.928 PM,3,5.43798,-2.964321,8.408586
47990,11:02:30.948 PM,3,5.459528,-4.2643723,7.6975083
48010,11:02:30.968 PM,3,5.361366,-4.1925464,8.200291
48029,11:02:30.987 PM,3,5.679795,-4.0872016,7.0534678
48049,11:02:31.007 PM,3,5.5505075,-4.2069116,7.328801
48070,11:02:31.028 PM,3,6.180183,-4.283526,6.560262
48090,11:02:31.048 PM,3,6.0341363,-4.154239,6.888268
48110,11:02:31.068 PM,3,6.5895915,-3.7065234,5.93777
48130,11:02:31.088 PM,3,6.2831335,-3.8693292,6.1747956
48149,11:02:31.107 PM,3,7.030124,-3.4814684,5.734263
48170,11:02:31.128 PM,3,6.8194346,-3.7113118,5.9425583
48189,11:02:31.147 PM,3,7.441927,-3.285144,5.5882163
48210,11:02:31.168 PM,3,7.168988,-3.368941,5.537938
48230,11:02:31.188 PM,3,7.846547,-2.7368717,5.6480713
48250,11:02:31.208 PM,3,7.6933184,-2.9715035,5.8013005
48270,11:02:31.228 PM,3,7.904008,-2.880524,5.782147
48290,11:02:31.248 PM,3,7.822605,-3.009811,5.8874917
48310,11:02:31.268 PM,3,7.810634,-2.4974515,5.877915
48330,11:02:31.288 PM,3,7.9087963,-2.4615386,5.6025815
48350,11:02:31.308 PM,3,7.640646,-2.2963388,5.820454
48370,11:02:31.328 PM,3,7.702895,-2.6147676,5.9305873
48390,11:02:31.348 PM,3,7.307852,-2.0329766,5.865944
48410,11:02:31.368 PM,3,7.465869,-1.9611504,5.760599
48430,11:02:31.388 PM,3,7.288698,-1.9252374,6.0407205
48450,11:02:31.408 PM,3,7.259968,-2.0641012,5.9473467
48470,11:02:31.428 PM,3,7.417985,-1.6307507,6.0431147
48490,11:02:31.448 PM,3,7.2312374,-1.7337013,5.973683
48510,11:02:31.468 PM,3,7.116316,-1.1758523,5.9952307
48530,11:02:31.488 PM,3,7.406014,-1.3913305,6.0048075
48550,11:02:31.508 PM,3,6.692542,-0.9196727,6.0670567
48570,11:02:31.528 PM,3,6.7595797,-1.278803,6.059874
48589,11:02:31.547 PM,3,7.154623,-0.8310873,6.1125464
48610,11:02:31.568 PM,3,7.006182,-0.79756844,6.201132
48630,11:02:31.588 PM,3,7.066037,-0.77362645,6.9888244
48650,11:02:31.608 PM,3,7.037307,-0.90291333,6.5147724
48670,11:02:31.628 PM,3,7.28391,-1.6762404,6.921787
48689,11:02:31.647 PM,3,7.3270054,-1.5254058,6.91221
48710,11:02:31.668 PM,3,6.86253,0.22475569,7.115717
48730,11:02:31.688 PM,3,6.9846344,-0.48632222,7.127688
48750,11:02:31.708 PM,3,6.7356377,-1.3673885,6.2849293
48770,11:02:31.728 PM,3,6.95351,-0.981922,6.560262
48790,11:02:31.748 PM,3,7.1713824,-1.5852607,5.645677
48810,11:02:31.768 PM,3,7.075614,-1.1950059,6.0981812
48830,11:02:31.788 PM,3,7.130681,-2.3873184,6.4621
48850,11:02:31.808 PM,3,7.204901,-1.6738462,6.2633815
48870,11:02:31.828 PM,3,6.8912606,-2.358588,5.9425583
48890,11:02:31.848 PM,3,7.0564604,-2.2795794,6.2729583
48910,11:02:31.868 PM,3,7.1211042,-2.3298576,6.294506
48930,11:02:31.888 PM,3,7.157017,-2.025794,6.2873235
48950,11:02:31.908 PM,3,6.6518407,-2.2915504,6.20592
48970,11:02:31.928 PM,3,6.931962,-2.2556372,6.328025
48990,11:02:31.948 PM,3,6.59438,-2.8158805,5.9832597
49010,11:02:31.968 PM,3,6.4770637,-2.571672,6.033538
49030,11:02:31.988 PM,3,6.6877537,-2.940379,6.1388826
49050,11:02:32.008 PM,3,6.6686,-2.631527,6.0502973
49070,11:02:32.028 PM,3,6.8050694,-2.7560253,6.146065
49090,11:02:32.048 PM,3,6.7356377,-2.9116485,6.1125464
49110,11:02:32.068 PM,3,6.9032316,-2.7632082,5.9090395
49130,11:02:32.088 PM,3,6.934356,-2.964321,6.009596
49150,11:02:32.108 PM,3,7.0205474,-2.7105355,5.9449525
49170,11:02:32.128 PM,3,6.9511156,-2.760814,6.000019
49190,11:02:32.148 PM,3,7.051672,-2.753631,6.059874
49210,11:02:32.168 PM,3,7.0684314,-2.83264,6.000019
49230,11:02:32.188 PM,3,7.11871,-2.6291327,6.059874
49250,11:02:32.208 PM,3,7.082797,-2.7201123,6.1221232
49270,11:02:32.228 PM,3,7.018153,-2.6578631,6.105364
49290,11:02:32.248 PM,3,7.061249,-2.739266,6.0407205
49310,11:02:32.268 PM,3,7.037307,-2.808698,6.167613
49330,11:02:32.288 PM,3,7.066037,-2.751237,6.181978
49350,11:02:32.308 PM,3,6.884078,-2.7919385,6.270564
49370,11:02:32.328 PM,3,6.86253,-2.6482863,6.167613
49390,11:02:32.348 PM,3,6.898443,-3.060089,6.471677
49409,11:02:32.367 PM,3,6.9271736,-3.0888195,6.2897177
49429,11:02:32.387 PM,3,6.8553476,-3.9339726,6.3232365
49449,11:02:32.407 PM,3,6.9487214,-3.1223383,6.5746274
49469,11:02:32.427 PM,3,7.0564604,-3.428796,6.6273
49490,11:02:32.448 PM,3,6.869713,-4.0848074,6.572233
49510,11:02:32.468 PM,3,7.379678,-4.3170447,6.316054
49530,11:02:32.488 PM,3,7.2671504,-3.4216135,6.7494044
49550,11:02:32.508 PM,3,7.3293996,-1.8941128,5.537938
49570,11:02:32.528 PM,3,7.348553,-3.4431612,6.081422
49590,11:02:32.548 PM,3,6.8026752,-1.6690578,5.9425583
49610,11:02:32.568 PM,3,6.8768954,-1.563713,5.463718
49630,11:02:32.588 PM,3,5.8210526,-2.9858687,6.981642
49650,11:02:32.608 PM,3,6.395661,-2.2077532,6.1987376
49670,11:02:32.628 PM,3,4.937592,-2.703353,7.043891
49690,11:02:32.648 PM,3,5.3565774,-2.9212253,7.340772
49710,11:02:32.668 PM,3,4.4060793,-4.139874,6.4812536
49730,11:02:32.688 PM,3,4.2049665,-2.7584198,6.579416
49750,11:02:32.708 PM,3,4.5904326,-5.3800707,6.399851
49770,11:02:32.728 PM,3,4.427627,-5.040094,6.5746274
49790,11:02:32.748 PM,3,5.3110876,-6.7926493,6.153248
49810,11:02:32.768 PM,3,5.0884266,-6.8620815,6.059874
49830,11:02:32.788 PM,3,6.0604725,-5.818209,5.4254107
49850,11:02:32.808 PM,3,5.5744495,-5.945102,5.746234
49870,11:02:32.828 PM,3,5.8354177,-6.6274495,5.5451207
49890,11:02:32.848 PM,3,6.0078,-6.146215,5.3871036
49910,11:02:32.868 PM,3,5.8665423,-4.5947723,5.8396077
49930,11:02:32.888 PM,3,5.7875338,-5.102343,5.8827033
49950,11:02:32.908 PM,3,5.765986,-4.3505635,5.60737
49970,11:02:32.928 PM,3,5.6151514,-4.2691607,5.454141
49990,11:02:32.948 PM,3,5.8904843,-4.3409867,5.8396077
50010,11:02:32.968 PM,3,5.7875338,-3.8717234,5.7677817
50030,11:02:32.988 PM,3,6.0365305,-4.345775,5.904251
50050,11:02:33.008 PM,3,5.816264,-4.470274,5.9665003
50071,11:02:33.029 PM,3,6.204125,-4.2428246,5.8707323
50090,11:02:33.048 PM,3,6.302287,-4.5875897,5.7438397
50110,11:02:33.068 PM,3,6.5129766,-4.5013986,5.9712887
50130,11:02:33.088 PM,3,6.38369,-3.9531262,5.9545293
50150,11:02:33.108 PM,3,6.4962173,-3.9674914,5.7534165
50170,11:02:33.128 PM,3,6.4291797,-4.2907085,5.9904423
50190,11:02:33.148 PM,3,6.630293,-4.103961,6.1101522
50210,11:02:33.168 PM,3,6.5201592,-3.9866452,5.976077
50230,11:02:33.188 PM,3,6.551284,-3.950732,6.000019
50250,11:02:33.208 PM,3,6.565649,-3.8597524,5.9234047
50270,11:02:33.228 PM,3,6.6590233,-4.175787,6.189161
50290,11:02:33.248 PM,3,6.606351,-4.056077,6.193949
50310,11:02:33.268 PM,3,7.094768,-3.7232828,6.0766335
50330,11:02:33.288 PM,3,6.896049,-3.9459436,5.9952307
50350,11:02:33.308 PM,3,7.5113587,-3.938761,6.1724014
50370,11:02:33.328 PM,3,7.3533416,-3.747225,5.9545293
50390,11:02:33.348 PM,3,7.954286,-3.4216135,5.794118
50410,11:02:33.368 PM,3,7.8178167,-3.6227264,6.330419
50430,11:02:33.388 PM,3,8.035689,-3.4335845,6.1747956
50450,11:02:33.408 PM,3,7.963863,-3.8405988,5.9186163
50470,11:02:33.428 PM,3,7.9949875,-3.1869817,5.794118
50490,11:02:33.448 PM,3,8.121881,-2.5740662,5.511602
50510,11:02:33.468 PM,3,7.537695,-2.930802,5.7629933
50530,11:02:33.488 PM,3,7.619098,-3.5389295,5.901857
50550,11:02:33.508 PM,3,7.6957126,-3.842993,5.9545293
50570,11:02:33.528 PM,3,7.6813474,-2.5166054,5.609764
50590,11:02:33.548 PM,3,7.626281,-3.285144,5.9808655
50610,11:02:33.568 PM,3,7.40362,-3.4311903,6.083816
50630,11:02:33.588 PM,3,8.275109,-2.6051908,6.201132
50650,11:02:33.608 PM,3,7.8609123,-2.7440543,6.143671
50670,11:02:33.628 PM,3,7.6238866,-1.956362,5.8611555
50690,11:02:33.648 PM,3,7.9566803,-2.5620952,6.2753525
50710,11:02:33.668 PM,3,7.631069,-1.8366519,5.9952307
50730,11:02:33.688 PM,3,7.61431,-2.3490112,6.117335
50750,11:02:33.708 PM,3,7.1378636,-2.2795794,6.1963434
50770,11:02:33.728 PM,3,7.4826283,-1.9252374,5.949741
50790,11:02:33.748 PM,3,6.7069073,-1.290774,5.7749643
50810,11:02:33.768 PM,3,6.8553476,-1.4487913,5.9569235
50830,11:02:33.788 PM,3,6.2927103,-1.6762404,5.609764
50850,11:02:33.808 PM,3,6.5034,-1.5230116,5.961712
50870,11:02:33.828 PM,3,6.228067,-1.5469536,6.0048075
50890,11:02:33.848 PM,3,6.0269537,-2.0664954,5.5331497
50910,11:02:33.868 PM,3,5.9742813,-1.0824784,5.8827033
50930,11:02:33.888 PM,3,6.230461,-1.0992378,6.294506
50949,11:02:33.907 PM,3,5.5600843,-1.8270751,5.430199
50970,11:02:33.928 PM,3,5.5768437,-2.0904374,5.3990746
50990,11:02:33.948 PM,3,5.5768437,-1.7911621,5.9353757
51019,11:02:33.977 PM,3,5.426009,-1.716942,5.355979
51040,11:02:33.998 PM,3,5.387702,-2.0904374,5.298518
51059,11:02:34.017 PM,3,5.426009,-2.1909938,5.6839843
51079,11:02:34.037 PM,3,6.0101943,-2.2269068,5.9545293
51099,11:02:34.057 PM,3,5.61994,-2.2508488,6.1029696
51119,11:02:34.077 PM,3,6.2472205,-2.5788546,6.488436
51140,11:02:34.098 PM,3,6.3070755,-2.5764604,6.3974566
51162,11:02:34.120 PM,3,6.1059628,-2.7488427,6.0550857
51180,11:02:34.138 PM,3,5.9503393,-3.1343093,6.1747956
51200,11:02:34.158 PM,3,5.9287915,-3.0409355,6.402245
51220,11:02:34.178 PM,3,6.0844145,-3.3426049,6.215497
51240,11:02:34.198 PM,3,6.266374,-3.7328596,6.045509
51260,11:02:34.218 PM,3,6.2137017,-3.5389295,5.865944
51280,11:02:34.238 PM,3,6.5848026,-3.2205005,5.4972367
51300,11:02:34.258 PM,3,6.6350813,-3.2540195,4.7526402
51320,11:02:34.278 PM,3,7.0684314,-3.5652657,4.647295
51340,11:02:34.298 PM,3,7.5305123,-3.3904889,4.7693996
51360,11:02:34.318 PM,3,8.057237,-3.2181063,4.597017
51380,11:02:34.338 PM,3,8.344542,-2.7105355,3.85242
51400,11:02:34.358 PM,3,8.787468,-2.8374283,3.8548143
51420,11:02:34.378 PM,3,9.175329,-2.9236195,4.13733
51440,11:02:34.398 PM,3,9.275886,-2.7656024,4.0918403
51460,11:02:34.418 PM,3,9.175329,-2.50224,3.945794
51480,11:02:34.438 PM,3,9.465028,-2.3537996,3.6297593
51500,11:02:34.458 PM,3,9.390807,-2.4280198,3.7758057
51520,11:02:34.478 PM,3,9.946262,-2.322675,4.0942345
51540,11:02:34.498 PM,3,9.725995,-2.1191678,4.3767505
51560,11:02:34.518 PM,3,10.058789,-2.016217,3.9003043
51580,11:02:34.538 PM,3,9.96781,-1.9755157,3.768623
51600,11:02:34.558 PM,3,10.192864,-1.9156606,3.826084
51620,11:02:34.578 PM,3,9.96781,-1.6810288,3.9050927
51640,11:02:34.598 PM,3,10.619033,-1.1686697,2.8851626
51660,11:02:34.618 PM,3,10.530447,-1.695394,1.678485
51680,11:02:34.638 PM,3,11.655722,-1.7432781,1.3241432
51700,11:02:34.658 PM,3,11.169699,-0.9172785,0.56278706
51720,11:02:34.678 PM,3,12.45778,-1.4272435,0.30660746
51740,11:02:34.698 PM,3,12.148928,-1.3961189,1.3863925
51760,11:02:34.718 PM,3,11.818528,-1.3793595,2.104653
51780,11:02:34.738 PM,3,11.852047,-1.4152725,2.4015338
51800,11:02:34.758 PM,3,11.641356,-1.4942812,2.4446297
51820,11:02:34.778 PM,3,11.861624,-1.6977882,2.4949079
51840,11:02:34.798 PM,3,11.184064,-2.1718402,2.8803742
51860,11:02:34.818 PM,3,11.313352,-2.0569186,3.0766988
51880,11:02:34.838 PM,3,10.489746,-2.5285764,3.0886698
51900,11:02:34.858 PM,3,10.932673,-2.988263,3.553145
51920,11:02:34.878 PM,3,9.74036,-2.631527,3.9242463
51940,11:02:34.898 PM,3,10.030059,-2.8422167,4.312107
51960,11:02:34.918 PM,3,8.653393,-3.0074167,4.5204024
51980,11:02:34.938 PM,3,9.345318,-2.6363153,4.6281414
52000,11:02:34.958 PM,3,7.7316256,-3.0050225,4.8771386
52020,11:02:34.978 PM,3,7.9207673,-3.3354223,5.071069
52040,11:02:34.998 PM,3,6.90802,-3.0553007,5.320066
52060,11:02:35.018 PM,3,6.539313,-2.880524,5.332037
52080,11:02:35.038 PM,3,6.2807393,-3.2109237,5.525967
52099,11:02:35.057 PM,3,6.539313,-2.880524,5.332037
52120,11:02:35.078 PM,3,6.278345,-3.4024599,6.179584
52139,11:02:35.097 PM,3,6.2567973,-3.3904889,5.8731265
52159,11:02:35.117 PM,3,5.959916,-3.000234,5.9210105
52180,11:02:35.138 PM,3,6.0724435,-2.9140427,5.8970685
52200,11:02:35.158 PM,3,5.2392616,-2.916437,6.0502973
52220,11:02:35.178 PM,3,5.634305,-2.8972833,5.8970685
52240,11:02:35.198 PM,3,5.196166,-2.8350341,6.0407205
52259,11:02:35.217 PM,3,5.1889834,-2.9212253,6.105364
52280,11:02:35.238 PM,3,5.035754,-2.916437,5.6768017
52300,11:02:35.258 PM,3,5.1794066,-2.784756,5.865944
52319,11:02:35.277 PM,3,5.2512326,-3.392883,5.5882163
52340,11:02:35.298 PM,3,5.0405426,-3.2324715,5.6504655
52359,11:02:35.317 PM,3,6.0963855,-3.617938,5.355979
52380,11:02:35.338 PM,3,5.7995048,-3.6921582,5.0064254
52400,11:02:35.358 PM,3,6.9989996,-3.203741,4.54195
52420,11:02:35.378 PM,3,6.5488896,-3.570054,4.58744
52440,11:02:35.398 PM,3,7.02773,-2.8398225,5.047127
52460,11:02:35.418 PM,3,7.0995564,-2.966715,4.929811
52480,11:02:35.438 PM,3,7.178565,-2.3777416,4.395904
52500,11:02:35.458 PM,3,7.2096896,-2.739266,4.4006925
52520,11:02:35.478 PM,3,6.773945,-1.9659389,4.539556
52540,11:02:35.498 PM,3,6.9271736,-2.1359272,4.9250226
52560,11:02:35.518 PM,3,6.848165,-2.5932198,5.207538
52580,11:02:35.538 PM,3,6.872107,-2.3801358,5.3392196
52600,11:02:35.558 PM,3,6.8553476,-3.270779,5.4613237
52620,11:02:35.578 PM,3,6.919991,-2.8972833,5.7629933
52640,11:02:35.598 PM,3,7.0851912,-4.2164884,6.045509
52660,11:02:35.618 PM,3,6.905626,-3.5772367,6.246622
52680,11:02:35.638 PM,3,7.1211042,-5.1669865,6.435764
52700,11:02:35.658 PM,3,7.176171,-4.817433,6.4788594
52720,11:02:35.678 PM,3,6.8649244,-5.538088,6.476465
52740,11:02:35.698 PM,3,7.080403,-5.4231663,6.304083
52760,11:02:35.718 PM,3,6.4124203,-5.3130326,6.292112
52780,11:02:35.738 PM,3,6.565649,-5.327398,6.1317
52800,11:02:35.758 PM,3,6.206519,-5.207688,6.1364884
52820,11:02:35.778 PM,3,6.146664,-5.1167083,6.1245174
52840,11:02:35.798 PM,3,6.0700493,-4.8916535,5.9305873
52860,11:02:35.818 PM,3,6.0389247,-4.8461637,5.7222915
52880,11:02:35.838 PM,3,6.1179338,-4.364929,5.7510223
52900,11:02:35.858 PM,3,5.995829,-4.685752,5.669619
52920,11:02:35.878 PM,3,6.539313,-4.115932,5.6241293
